  [2m2026-02-22T16:44:02.638166Z[0m [32m INFO[0m  [32mCouldn't find the configuration file at /home/artu/Desktop/projects/showcases-portfolio/biome.json.[0m
    [2;3mat[0m crates/biome_fs/src/fs.rs:170 [2;3mon[0m main
    [2;3min[0m [1mread_config[0m [2;3mwith[0m [1mpath_hint[0m: None, [1mseek_root[0m: true
    [2;3min[0m [1mload_configuration[0m [2;3mwith[0m [1mconfig_path[0m: None

  [2m2026-02-22T16:44:02.639642Z[0m [32m INFO[0m  [32mConfiguration file loaded: Some("/home/artu/Desktop/projects/showcases-portfolio/biome.jsonc"), diagnostics detected 0[0m
    [2;3mat[0m crates/biome_cli/src/runner/mod.rs:351 [2;3mon[0m main

  [2m2026-02-22T16:44:02.640320Z[0m [34mDEBUG[0m  [34mInsert workspace folder /home/artu/Desktop/projects/showcases-portfolio[0m
    [2;3mat[0m crates/biome_service/src/projects.rs:66 [2;3mon[0m main
    [2;3min[0m [1minsert_project[0m

  [2m2026-02-22T16:44:02.643215Z[0m [34mDEBUG[0m  [34mThe file has the following feature sets: {Format: Supported, Lint: Supported, Search: NotRequested, Assist: Supported, Debug: Supported, HtmlFullSupport: FileNotSupported}[0m
    [2;3mat[0m crates/biome_service/src/workspace.rs:246 [2;3mon[0m biome::workspace_worker_2
    [2;3min[0m [1mcan_handle[0m

  [2m2026-02-22T16:44:02.643236Z[0m [34mDEBUG[0m  [34mThe file has the following feature sets: {Format: Supported, Lint: Supported, Search: NotRequested, Assist: Supported, Debug: Supported, HtmlFullSupport: FileNotSupported}[0m
    [2;3mat[0m crates/biome_service/src/workspace.rs:246 [2;3mon[0m biome::workspace_worker_1
    [2;3min[0m [1mcan_handle[0m

  [2m2026-02-22T16:44:02.643338Z[0m [34mDEBUG[0m  [34mThe file has the following feature sets: {Format: FileNotSupported, Lint: FileNotSupported, Search: NotRequested, Assist: FileNotSupported, Debug: FileNotSupported, HtmlFullSupport: FileNotSupported}[0m
    [2;3mat[0m crates/biome_service/src/workspace.rs:246 [2;3mon[0m biome::workspace_worker_2
    [2;3min[0m [1mcan_handle[0m

  [2m2026-02-22T16:44:02.643343Z[0m [34mDEBUG[0m  [34mThe file has the following feature sets: {Format: Supported, Lint: Supported, Search: NotRequested, Assist: Supported, Debug: Supported, HtmlFullSupport: FileNotSupported}[0m
    [2;3mat[0m crates/biome_service/src/workspace.rs:246 [2;3mon[0m biome::workspace_worker_3
    [2;3min[0m [1mcan_handle[0m

  [2m2026-02-22T16:44:02.643426Z[0m [34mDEBUG[0m  [34mThe file has the following feature sets: {Format: Supported, Lint: Supported, Search: NotRequested, Assist: Supported, Debug: Supported, HtmlFullSupport: FileNotSupported}[0m
    [2;3mat[0m crates/biome_service/src/workspace.rs:246 [2;3mon[0m biome::workspace_worker_0
    [2;3min[0m [1mcan_handle[0m

  [2m2026-02-22T16:44:02.643469Z[0m [34mDEBUG[0m  [34mThe file has the following feature sets: {Format: Supported, Lint: Supported, Search: NotRequested, Assist: Supported, Debug: Supported, HtmlFullSupport: FileNotSupported}[0m
    [2;3mat[0m crates/biome_service/src/workspace.rs:246 [2;3mon[0m biome::workspace_worker_6
    [2;3min[0m [1mcan_handle[0m

  [2m2026-02-22T16:44:02.643504Z[0m [34mDEBUG[0m  [34mThe file has the following feature sets: {Format: Supported, Lint: Supported, Search: NotRequested, Assist: Supported, Debug: Supported, HtmlFullSupport: FileNotSupported}[0m
    [2;3mat[0m crates/biome_service/src/workspace.rs:246 [2;3mon[0m biome::workspace_worker_7
    [2;3min[0m [1mcan_handle[0m

  [2m2026-02-22T16:44:02.643551Z[0m [34mDEBUG[0m  [34mThe file has the following feature sets: {Format: Supported, Lint: Supported, Search: NotRequested, Assist: Supported, Debug: Supported, HtmlFullSupport: FileNotSupported}[0m
    [2;3mat[0m crates/biome_service/src/workspace.rs:246 [2;3mon[0m biome::workspace_worker_8
    [2;3min[0m [1mcan_handle[0m

  [2m2026-02-22T16:44:02.643564Z[0m [34mDEBUG[0m  [34mThe file has the following feature sets: {Format: Supported, Lint: Supported, Search: NotRequested, Assist: Supported, Debug: Supported, HtmlFullSupport: FileNotSupported}[0m
    [2;3mat[0m crates/biome_service/src/workspace.rs:246 [2;3mon[0m biome::workspace_worker_5
    [2;3min[0m [1mcan_handle[0m

  [2m2026-02-22T16:44:02.643603Z[0m [34mDEBUG[0m  [34mThe file has the following feature sets: {Format: Supported, Lint: Supported, Search: NotRequested, Assist: Supported, Debug: Supported, HtmlFullSupport: FileNotSupported}[0m
    [2;3mat[0m crates/biome_service/src/workspace.rs:246 [2;3mon[0m biome::workspace_worker_0
    [2;3min[0m [1mcan_handle[0m

  [2m2026-02-22T16:44:02.643530Z[0m [34mDEBUG[0m  [34mThe file has the following feature sets: {Format: Supported, Lint: Supported, Search: NotRequested, Assist: Supported, Debug: Supported, HtmlFullSupport: FileNotSupported}[0m
    [2;3mat[0m crates/biome_service/src/workspace.rs:246 [2;3mon[0m biome::workspace_worker_2
    [2;3min[0m [1mcan_handle[0m

  [2m2026-02-22T16:44:02.643629Z[0m [34mDEBUG[0m  [34mThe file has the following feature sets: {Format: Supported, Lint: Supported, Search: NotRequested, Assist: Supported, Debug: Supported, HtmlFullSupport: FileNotSupported}[0m
    [2;3mat[0m crates/biome_service/src/workspace.rs:246 [2;3mon[0m biome::workspace_worker_6
    [2;3min[0m [1mcan_handle[0m

  [2m2026-02-22T16:44:02.643740Z[0m [34mDEBUG[0m  [34mThe file has the following feature sets: {Format: Supported, Lint: Supported, Search: NotRequested, Assist: Supported, Debug: Supported, HtmlFullSupport: FileNotSupported}[0m
    [2;3mat[0m crates/biome_service/src/workspace.rs:246 [2;3mon[0m biome::workspace_worker_7
    [2;3min[0m [1mcan_handle[0m

  [2m2026-02-22T16:44:02.643750Z[0m [34mDEBUG[0m  [34mThe file has the following feature sets: {Format: Supported, Lint: Supported, Search: NotRequested, Assist: Supported, Debug: Supported, HtmlFullSupport: FileNotSupported}[0m
    [2;3mat[0m crates/biome_service/src/workspace.rs:246 [2;3mon[0m biome::workspace_worker_0
    [2;3min[0m [1mcan_handle[0m

  [2m2026-02-22T16:44:02.643769Z[0m [34mDEBUG[0m  [34mThe file has the following feature sets: {Format: Supported, Lint: Supported, Search: NotRequested, Assist: Supported, Debug: Supported, HtmlFullSupport: FileNotSupported}[0m
    [2;3mat[0m crates/biome_service/src/workspace.rs:246 [2;3mon[0m biome::workspace_worker_8
    [2;3min[0m [1mcan_handle[0m

  [2m2026-02-22T16:44:02.643802Z[0m [34mDEBUG[0m  [34mThe file has the following feature sets: {Format: Supported, Lint: Supported, Search: NotRequested, Assist: Supported, Debug: Supported, HtmlFullSupport: FileNotSupported}[0m
    [2;3mat[0m crates/biome_service/src/workspace.rs:246 [2;3mon[0m biome::workspace_worker_6
    [2;3min[0m [1mcan_handle[0m

  [2m2026-02-22T16:44:02.643768Z[0m [34mDEBUG[0m  [34mThe file has the following feature sets: {Format: Supported, Lint: Supported, Search: NotRequested, Assist: Supported, Debug: Supported, HtmlFullSupport: FileNotSupported}[0m
    [2;3mat[0m crates/biome_service/src/workspace.rs:246 [2;3mon[0m biome::workspace_worker_2
    [2;3min[0m [1mcan_handle[0m

  [2m2026-02-22T16:44:02.643805Z[0m [34mDEBUG[0m  [34mThe file has the following feature sets: {Format: Supported, Lint: Supported, Search: NotRequested, Assist: Supported, Debug: Supported, HtmlFullSupport: FileNotSupported}[0m
    [2;3mat[0m crates/biome_service/src/workspace.rs:246 [2;3mon[0m biome::workspace_worker_5
    [2;3min[0m [1mcan_handle[0m

  [2m2026-02-22T16:44:02.643438Z[0m [34mDEBUG[0m  [34mThe file has the following feature sets: {Format: Supported, Lint: Supported, Search: NotRequested, Assist: Supported, Debug: Supported, HtmlFullSupport: FileNotSupported}[0m
    [2;3mat[0m crates/biome_service/src/workspace.rs:246 [2;3mon[0m biome::workspace_worker_4
    [2;3min[0m [1mcan_handle[0m

  [2m2026-02-22T16:44:02.643940Z[0m [34mDEBUG[0m  [34mThe file has the following feature sets: {Format: FileNotSupported, Lint: FileNotSupported, Search: NotRequested, Assist: FileNotSupported, Debug: FileNotSupported, HtmlFullSupport: FileNotSupported}[0m
    [2;3mat[0m crates/biome_service/src/workspace.rs:246 [2;3mon[0m biome::workspace_worker_2
    [2;3min[0m [1mcan_handle[0m

  [2m2026-02-22T16:44:02.643943Z[0m [34mDEBUG[0m  [34mThe file has the following feature sets: {Format: Supported, Lint: Supported, Search: NotRequested, Assist: Supported, Debug: Supported, HtmlFullSupport: FileNotSupported}[0m
    [2;3mat[0m crates/biome_service/src/workspace.rs:246 [2;3mon[0m biome::workspace_worker_6
    [2;3min[0m [1mcan_handle[0m

  [2m2026-02-22T16:44:02.643916Z[0m [34mDEBUG[0m  [34mThe file has the following feature sets: {Format: Supported, Lint: Supported, Search: NotRequested, Assist: Supported, Debug: Supported, HtmlFullSupport: FileNotSupported}[0m
    [2;3mat[0m crates/biome_service/src/workspace.rs:246 [2;3mon[0m biome::workspace_worker_7
    [2;3min[0m [1mcan_handle[0m

  [2m2026-02-22T16:44:02.643986Z[0m [34mDEBUG[0m  [34mThe file has the following feature sets: {Format: Supported, Lint: Supported, Search: NotRequested, Assist: Supported, Debug: Supported, HtmlFullSupport: FileNotSupported}[0m
    [2;3mat[0m crates/biome_service/src/workspace.rs:246 [2;3mon[0m biome::workspace_worker_0
    [2;3min[0m [1mcan_handle[0m

  [2m2026-02-22T16:44:02.644029Z[0m [34mDEBUG[0m  [34mThe file has the following feature sets: {Format: Supported, Lint: Supported, Search: NotRequested, Assist: Supported, Debug: Supported, HtmlFullSupport: FileNotSupported}[0m
    [2;3mat[0m crates/biome_service/src/workspace.rs:246 [2;3mon[0m biome::workspace_worker_5
    [2;3min[0m [1mcan_handle[0m

  [2m2026-02-22T16:44:02.644094Z[0m [34mDEBUG[0m  [34mThe file has the following feature sets: {Format: Supported, Lint: Supported, Search: NotRequested, Assist: Supported, Debug: Supported, HtmlFullSupport: FileNotSupported}[0m
    [2;3mat[0m crates/biome_service/src/workspace.rs:246 [2;3mon[0m biome::workspace_worker_6
    [2;3min[0m [1mcan_handle[0m

  [2m2026-02-22T16:44:02.644153Z[0m [34mDEBUG[0m  [34mThe file has the following feature sets: {Format: Supported, Lint: Supported, Search: NotRequested, Assist: Supported, Debug: Supported, HtmlFullSupport: FileNotSupported}[0m
    [2;3mat[0m crates/biome_service/src/workspace.rs:246 [2;3mon[0m biome::workspace_worker_4
    [2;3min[0m [1mcan_handle[0m

  [2m2026-02-22T16:44:02.644197Z[0m [34mDEBUG[0m  [34mThe file has the following feature sets: {Format: Supported, Lint: Supported, Search: NotRequested, Assist: Supported, Debug: Supported, HtmlFullSupport: FileNotSupported}[0m
    [2;3mat[0m crates/biome_service/src/workspace.rs:246 [2;3mon[0m biome::workspace_worker_6
    [2;3min[0m [1mcan_handle[0m

  [2m2026-02-22T16:44:02.644157Z[0m [34mDEBUG[0m  [34mThe file has the following feature sets: {Format: Supported, Lint: Supported, Search: NotRequested, Assist: Supported, Debug: Supported, HtmlFullSupport: FileNotSupported}[0m
    [2;3mat[0m crates/biome_service/src/workspace.rs:246 [2;3mon[0m biome::workspace_worker_3
    [2;3min[0m [1mcan_handle[0m

  [2m2026-02-22T16:44:02.644263Z[0m [34mDEBUG[0m  [34mThe file has the following feature sets: {Format: Supported, Lint: Supported, Search: NotRequested, Assist: Supported, Debug: Supported, HtmlFullSupport: FileNotSupported}[0m
    [2;3mat[0m crates/biome_service/src/workspace.rs:246 [2;3mon[0m biome::workspace_worker_2
    [2;3min[0m [1mcan_handle[0m

  [2m2026-02-22T16:44:02.644281Z[0m [34mDEBUG[0m  [34mThe file has the following feature sets: {Format: Supported, Lint: Supported, Search: NotRequested, Assist: Supported, Debug: Supported, HtmlFullSupport: FileNotSupported}[0m
    [2;3mat[0m crates/biome_service/src/workspace.rs:246 [2;3mon[0m biome::workspace_worker_4
    [2;3min[0m [1mcan_handle[0m

  [2m2026-02-22T16:44:02.644288Z[0m [34mDEBUG[0m  [34mThe file has the following feature sets: {Format: Supported, Lint: Supported, Search: NotRequested, Assist: Supported, Debug: Supported, HtmlFullSupport: FileNotSupported}[0m
    [2;3mat[0m crates/biome_service/src/workspace.rs:246 [2;3mon[0m biome::workspace_worker_6
    [2;3min[0m [1mcan_handle[0m

  [2m2026-02-22T16:44:02.644330Z[0m [34mDEBUG[0m  [34mThe file has the following feature sets: {Format: Supported, Lint: Supported, Search: NotRequested, Assist: Supported, Debug: Supported, HtmlFullSupport: FileNotSupported}[0m
    [2;3mat[0m crates/biome_service/src/workspace.rs:246 [2;3mon[0m biome::workspace_worker_3
    [2;3min[0m [1mcan_handle[0m

  [2m2026-02-22T16:44:02.644382Z[0m [34mDEBUG[0m  [34mThe file has the following feature sets: {Format: Supported, Lint: Supported, Search: NotRequested, Assist: Supported, Debug: Supported, HtmlFullSupport: FileNotSupported}[0m
    [2;3mat[0m crates/biome_service/src/workspace.rs:246 [2;3mon[0m biome::workspace_worker_2
    [2;3min[0m [1mcan_handle[0m

  [2m2026-02-22T16:44:02.644390Z[0m [34mDEBUG[0m  [34mThe file has the following feature sets: {Format: Supported, Lint: Supported, Search: NotRequested, Assist: Supported, Debug: Supported, HtmlFullSupport: FileNotSupported}[0m
    [2;3mat[0m crates/biome_service/src/workspace.rs:246 [2;3mon[0m biome::workspace_worker_6
    [2;3min[0m [1mcan_handle[0m

  [2m2026-02-22T16:44:02.644469Z[0m [34mDEBUG[0m  [34mThe file has the following feature sets: {Format: Supported, Lint: Supported, Search: NotRequested, Assist: Supported, Debug: Supported, HtmlFullSupport: FileNotSupported}[0m
    [2;3mat[0m crates/biome_service/src/workspace.rs:246 [2;3mon[0m biome::workspace_worker_3
    [2;3min[0m [1mcan_handle[0m

  [2m2026-02-22T16:44:02.644488Z[0m [34mDEBUG[0m  [34mThe file has the following feature sets: {Format: Supported, Lint: Supported, Search: NotRequested, Assist: Supported, Debug: Supported, HtmlFullSupport: FileNotSupported}[0m
    [2;3mat[0m crates/biome_service/src/workspace.rs:246 [2;3mon[0m biome::workspace_worker_6
    [2;3min[0m [1mcan_handle[0m

  [2m2026-02-22T16:44:02.644491Z[0m [34mDEBUG[0m  [34mThe file has the following feature sets: {Format: Supported, Lint: Supported, Search: NotRequested, Assist: Supported, Debug: Supported, HtmlFullSupport: FileNotSupported}[0m
    [2;3mat[0m crates/biome_service/src/workspace.rs:246 [2;3mon[0m biome::workspace_worker_2
    [2;3min[0m [1mcan_handle[0m

  [2m2026-02-22T16:44:02.644567Z[0m [34mDEBUG[0m  [34mThe file has the following feature sets: {Format: Supported, Lint: Supported, Search: NotRequested, Assist: Supported, Debug: Supported, HtmlFullSupport: FileNotSupported}[0m
    [2;3mat[0m crates/biome_service/src/workspace.rs:246 [2;3mon[0m biome::workspace_worker_6
    [2;3min[0m [1mcan_handle[0m

  [2m2026-02-22T16:44:02.644574Z[0m [34mDEBUG[0m  [34mThe file has the following feature sets: {Format: Supported, Lint: Supported, Search: NotRequested, Assist: Supported, Debug: Supported, HtmlFullSupport: FileNotSupported}[0m
    [2;3mat[0m crates/biome_service/src/workspace.rs:246 [2;3mon[0m biome::workspace_worker_10
    [2;3min[0m [1mcan_handle[0m

  [2m2026-02-22T16:44:02.644643Z[0m [34mDEBUG[0m  [34mThe file has the following feature sets: {Format: Supported, Lint: Supported, Search: NotRequested, Assist: Supported, Debug: Supported, HtmlFullSupport: FileNotSupported}[0m
    [2;3mat[0m crates/biome_service/src/workspace.rs:246 [2;3mon[0m biome::workspace_worker_0
    [2;3min[0m [1mcan_handle[0m

  [2m2026-02-22T16:44:02.644657Z[0m [34mDEBUG[0m  [34mThe file has the following feature sets: {Format: Supported, Lint: Supported, Search: NotRequested, Assist: Supported, Debug: Supported, HtmlFullSupport: FileNotSupported}[0m
    [2;3mat[0m crates/biome_service/src/workspace.rs:246 [2;3mon[0m biome::workspace_worker_1
    [2;3min[0m [1mcan_handle[0m

  [2m2026-02-22T16:44:02.644689Z[0m [34mDEBUG[0m  [34mThe file has the following feature sets: {Format: Supported, Lint: Supported, Search: NotRequested, Assist: Supported, Debug: Supported, HtmlFullSupport: FileNotSupported}[0m
    [2;3mat[0m crates/biome_service/src/workspace.rs:246 [2;3mon[0m biome::workspace_worker_6
    [2;3min[0m [1mcan_handle[0m

  [2m2026-02-22T16:44:02.644731Z[0m [34mDEBUG[0m  [34mThe file has the following feature sets: {Format: Supported, Lint: Supported, Search: NotRequested, Assist: Supported, Debug: Supported, HtmlFullSupport: FileNotSupported}[0m
    [2;3mat[0m crates/biome_service/src/workspace.rs:246 [2;3mon[0m biome::workspace_worker_7
    [2;3min[0m [1mcan_handle[0m

  [2m2026-02-22T16:44:02.644799Z[0m [34mDEBUG[0m  [34mThe file has the following feature sets: {Format: Supported, Lint: Supported, Search: NotRequested, Assist: Supported, Debug: Supported, HtmlFullSupport: FileNotSupported}[0m
    [2;3mat[0m crates/biome_service/src/workspace.rs:246 [2;3mon[0m biome::workspace_worker_1
    [2;3min[0m [1mcan_handle[0m

  [2m2026-02-22T16:44:02.644859Z[0m [34mDEBUG[0m  [34mThe file has the following feature sets: {Format: Supported, Lint: Supported, Search: NotRequested, Assist: Supported, Debug: Supported, HtmlFullSupport: FileNotSupported}[0m
    [2;3mat[0m crates/biome_service/src/workspace.rs:246 [2;3mon[0m biome::workspace_worker_14
    [2;3min[0m [1mcan_handle[0m

  [2m2026-02-22T16:44:02.644893Z[0m [34mDEBUG[0m  [34mThe file has the following feature sets: {Format: Supported, Lint: Supported, Search: NotRequested, Assist: Supported, Debug: Supported, HtmlFullSupport: FileNotSupported}[0m
    [2;3mat[0m crates/biome_service/src/workspace.rs:246 [2;3mon[0m biome::workspace_worker_10
    [2;3min[0m [1mcan_handle[0m

  [2m2026-02-22T16:44:02.644470Z[0m [34mDEBUG[0m  [34mThe file has the following feature sets: {Format: Supported, Lint: Supported, Search: NotRequested, Assist: Supported, Debug: Supported, HtmlFullSupport: FileNotSupported}[0m
    [2;3mat[0m crates/biome_service/src/workspace.rs:246 [2;3mon[0m biome::workspace_worker_4
    [2;3min[0m [1mcan_handle[0m

  [2m2026-02-22T16:44:02.644800Z[0m [34mDEBUG[0m  [34mThe file has the following feature sets: {Format: Supported, Lint: Supported, Search: NotRequested, Assist: Supported, Debug: Supported, HtmlFullSupport: FileNotSupported}[0m
    [2;3mat[0m crates/biome_service/src/workspace.rs:246 [2;3mon[0m biome::workspace_worker_6
    [2;3min[0m [1mcan_handle[0m

  [2m2026-02-22T16:44:02.645161Z[0m [34mDEBUG[0m  [34mThe file has the following feature sets: {Format: Supported, Lint: Supported, Search: NotRequested, Assist: Supported, Debug: Supported, HtmlFullSupport: FileNotSupported}[0m
    [2;3mat[0m crates/biome_service/src/workspace.rs:246 [2;3mon[0m biome::workspace_worker_10
    [2;3min[0m [1mcan_handle[0m

  [2m2026-02-22T16:44:02.643948Z[0m [34mDEBUG[0m  [34mThe file has the following feature sets: {Format: Supported, Lint: Supported, Search: NotRequested, Assist: Supported, Debug: Supported, HtmlFullSupport: FileNotSupported}[0m
    [2;3mat[0m crates/biome_service/src/workspace.rs:246 [2;3mon[0m biome::workspace_worker_8
    [2;3min[0m [1mcan_handle[0m

  [2m2026-02-22T16:44:02.645181Z[0m [34mDEBUG[0m  [34mThe file has the following feature sets: {Format: Supported, Lint: Supported, Search: NotRequested, Assist: Supported, Debug: Supported, HtmlFullSupport: FileNotSupported}[0m
    [2;3mat[0m crates/biome_service/src/workspace.rs:246 [2;3mon[0m biome::workspace_worker_6
    [2;3min[0m [1mcan_handle[0m

  [2m2026-02-22T16:44:02.644464Z[0m [34mDEBUG[0m  [34mThe file has the following feature sets: {Format: Supported, Lint: Supported, Search: NotRequested, Assist: Supported, Debug: Supported, HtmlFullSupport: FileNotSupported}[0m
    [2;3mat[0m crates/biome_service/src/workspace.rs:246 [2;3mon[0m biome::workspace_worker_9
    [2;3min[0m [1mcan_handle[0m

  [2m2026-02-22T16:44:02.645360Z[0m [34mDEBUG[0m  [34mThe file has the following feature sets: {Format: Supported, Lint: Supported, Search: NotRequested, Assist: Supported, Debug: Supported, HtmlFullSupport: FileNotSupported}[0m
    [2;3mat[0m crates/biome_service/src/workspace.rs:246 [2;3mon[0m biome::workspace_worker_6
    [2;3min[0m [1mcan_handle[0m

  [2m2026-02-22T16:44:02.645434Z[0m [34mDEBUG[0m  [34mThe file has the following feature sets: {Format: Supported, Lint: Supported, Search: NotRequested, Assist: Supported, Debug: Supported, HtmlFullSupport: FileNotSupported}[0m
    [2;3mat[0m crates/biome_service/src/workspace.rs:246 [2;3mon[0m biome::workspace_worker_8
    [2;3min[0m [1mcan_handle[0m

  [2m2026-02-22T16:44:02.645450Z[0m [34mDEBUG[0m  [34mThe file has the following feature sets: {Format: Supported, Lint: Supported, Search: NotRequested, Assist: Supported, Debug: Supported, HtmlFullSupport: FileNotSupported}[0m
    [2;3mat[0m crates/biome_service/src/workspace.rs:246 [2;3mon[0m biome::workspace_worker_9
    [2;3min[0m [1mcan_handle[0m

  [2m2026-02-22T16:44:02.645512Z[0m [34mDEBUG[0m  [34mThe file has the following feature sets: {Format: Supported, Lint: Supported, Search: NotRequested, Assist: Supported, Debug: Supported, HtmlFullSupport: FileNotSupported}[0m
    [2;3mat[0m crates/biome_service/src/workspace.rs:246 [2;3mon[0m biome::workspace_worker_6
    [2;3min[0m [1mcan_handle[0m

  [2m2026-02-22T16:44:02.645602Z[0m [34mDEBUG[0m  [34mThe file has the following feature sets: {Format: Supported, Lint: Supported, Search: NotRequested, Assist: Supported, Debug: Supported, HtmlFullSupport: FileNotSupported}[0m
    [2;3mat[0m crates/biome_service/src/workspace.rs:246 [2;3mon[0m biome::workspace_worker_9
    [2;3min[0m [1mcan_handle[0m

  [2m2026-02-22T16:44:02.645634Z[0m [34mDEBUG[0m  [34mThe file has the following feature sets: {Format: Supported, Lint: Supported, Search: NotRequested, Assist: Supported, Debug: Supported, HtmlFullSupport: FileNotSupported}[0m
    [2;3mat[0m crates/biome_service/src/workspace.rs:246 [2;3mon[0m biome::workspace_worker_6
    [2;3min[0m [1mcan_handle[0m

  [2m2026-02-22T16:44:02.645763Z[0m [34mDEBUG[0m  [34mThe file has the following feature sets: {Format: Supported, Lint: Supported, Search: NotRequested, Assist: Supported, Debug: Supported, HtmlFullSupport: FileNotSupported}[0m
    [2;3mat[0m crates/biome_service/src/workspace.rs:246 [2;3mon[0m biome::workspace_worker_6
    [2;3min[0m [1mcan_handle[0m

  [2m2026-02-22T16:44:02.645860Z[0m [34mDEBUG[0m  [34mThe file has the following feature sets: {Format: Supported, Lint: Supported, Search: NotRequested, Assist: Supported, Debug: Supported, HtmlFullSupport: FileNotSupported}[0m
    [2;3mat[0m crates/biome_service/src/workspace.rs:246 [2;3mon[0m biome::workspace_worker_0
    [2;3min[0m [1mcan_handle[0m

  [2m2026-02-22T16:44:02.645915Z[0m [34mDEBUG[0m  [34mThe file has the following feature sets: {Format: Supported, Lint: Supported, Search: NotRequested, Assist: Supported, Debug: Supported, HtmlFullSupport: FileNotSupported}[0m
    [2;3mat[0m crates/biome_service/src/workspace.rs:246 [2;3mon[0m biome::workspace_worker_6
    [2;3min[0m [1mcan_handle[0m

  [2m2026-02-22T16:44:02.646062Z[0m [34mDEBUG[0m  [34mThe file has the following feature sets: {Format: Supported, Lint: Supported, Search: NotRequested, Assist: Supported, Debug: Supported, HtmlFullSupport: FileNotSupported}[0m
    [2;3mat[0m crates/biome_service/src/workspace.rs:246 [2;3mon[0m biome::workspace_worker_6
    [2;3min[0m [1mcan_handle[0m

  [2m2026-02-22T16:44:02.646099Z[0m [34mDEBUG[0m  [34mThe file has the following feature sets: {Format: Supported, Lint: Supported, Search: NotRequested, Assist: Supported, Debug: Supported, HtmlFullSupport: FileNotSupported}[0m
    [2;3mat[0m crates/biome_service/src/workspace.rs:246 [2;3mon[0m biome::workspace_worker_0
    [2;3min[0m [1mcan_handle[0m

  [2m2026-02-22T16:44:02.646108Z[0m [34mDEBUG[0m  [34mThe file has the following feature sets: {Format: Supported, Lint: Supported, Search: NotRequested, Assist: Supported, Debug: Supported, HtmlFullSupport: FileNotSupported}[0m
    [2;3mat[0m crates/biome_service/src/workspace.rs:246 [2;3mon[0m biome::workspace_worker_1
    [2;3min[0m [1mcan_handle[0m

  [2m2026-02-22T16:44:02.646188Z[0m [34mDEBUG[0m  [34mThe file has the following feature sets: {Format: Supported, Lint: Supported, Search: NotRequested, Assist: Supported, Debug: Supported, HtmlFullSupport: FileNotSupported}[0m
    [2;3mat[0m crates/biome_service/src/workspace.rs:246 [2;3mon[0m biome::workspace_worker_6
    [2;3min[0m [1mcan_handle[0m

  [2m2026-02-22T16:44:02.646288Z[0m [34mDEBUG[0m  [34mThe file has the following feature sets: {Format: Supported, Lint: Supported, Search: NotRequested, Assist: Supported, Debug: Supported, HtmlFullSupport: FileNotSupported}[0m
    [2;3mat[0m crates/biome_service/src/workspace.rs:246 [2;3mon[0m biome::workspace_worker_6
    [2;3min[0m [1mcan_handle[0m

  [2m2026-02-22T16:44:02.646385Z[0m [34mDEBUG[0m  [34mThe file has the following feature sets: {Format: Supported, Lint: Supported, Search: NotRequested, Assist: Supported, Debug: Supported, HtmlFullSupport: FileNotSupported}[0m
    [2;3mat[0m crates/biome_service/src/workspace.rs:246 [2;3mon[0m biome::workspace_worker_6
    [2;3min[0m [1mcan_handle[0m

  [2m2026-02-22T16:44:02.646487Z[0m [34mDEBUG[0m  [34mThe file has the following feature sets: {Format: Supported, Lint: Supported, Search: NotRequested, Assist: Supported, Debug: Supported, HtmlFullSupport: FileNotSupported}[0m
    [2;3mat[0m crates/biome_service/src/workspace.rs:246 [2;3mon[0m biome::workspace_worker_6
    [2;3min[0m [1mcan_handle[0m

  [2m2026-02-22T16:44:02.646589Z[0m [34mDEBUG[0m  [34mThe file has the following feature sets: {Format: Supported, Lint: Supported, Search: NotRequested, Assist: Supported, Debug: Supported, HtmlFullSupport: FileNotSupported}[0m
    [2;3mat[0m crates/biome_service/src/workspace.rs:246 [2;3mon[0m biome::workspace_worker_6
    [2;3min[0m [1mcan_handle[0m

  [2m2026-02-22T16:44:02.646688Z[0m [34mDEBUG[0m  [34mThe file has the following feature sets: {Format: Supported, Lint: Supported, Search: NotRequested, Assist: Supported, Debug: Supported, HtmlFullSupport: FileNotSupported}[0m
    [2;3mat[0m crates/biome_service/src/workspace.rs:246 [2;3mon[0m biome::workspace_worker_6
    [2;3min[0m [1mcan_handle[0m

  [2m2026-02-22T16:44:02.646787Z[0m [34mDEBUG[0m  [34mThe file has the following feature sets: {Format: Supported, Lint: Supported, Search: NotRequested, Assist: Supported, Debug: Supported, HtmlFullSupport: FileNotSupported}[0m
    [2;3mat[0m crates/biome_service/src/workspace.rs:246 [2;3mon[0m biome::workspace_worker_6
    [2;3min[0m [1mcan_handle[0m

  [2m2026-02-22T16:44:02.646887Z[0m [34mDEBUG[0m  [34mThe file has the following feature sets: {Format: Supported, Lint: Supported, Search: NotRequested, Assist: Supported, Debug: Supported, HtmlFullSupport: FileNotSupported}[0m
    [2;3mat[0m crates/biome_service/src/workspace.rs:246 [2;3mon[0m biome::workspace_worker_6
    [2;3min[0m [1mcan_handle[0m

  [2m2026-02-22T16:44:02.646986Z[0m [34mDEBUG[0m  [34mThe file has the following feature sets: {Format: Supported, Lint: Supported, Search: NotRequested, Assist: Supported, Debug: Supported, HtmlFullSupport: FileNotSupported}[0m
    [2;3mat[0m crates/biome_service/src/workspace.rs:246 [2;3mon[0m biome::workspace_worker_6
    [2;3min[0m [1mcan_handle[0m

  [2m2026-02-22T16:44:02.647093Z[0m [34mDEBUG[0m  [34mThe file has the following feature sets: {Format: Supported, Lint: Supported, Search: NotRequested, Assist: Supported, Debug: Supported, HtmlFullSupport: FileNotSupported}[0m
    [2;3mat[0m crates/biome_service/src/workspace.rs:246 [2;3mon[0m biome::workspace_worker_6
    [2;3min[0m [1mcan_handle[0m

  [2m2026-02-22T16:44:02.647195Z[0m [34mDEBUG[0m  [34mThe file has the following feature sets: {Format: Supported, Lint: Supported, Search: NotRequested, Assist: Supported, Debug: Supported, HtmlFullSupport: FileNotSupported}[0m
    [2;3mat[0m crates/biome_service/src/workspace.rs:246 [2;3mon[0m biome::workspace_worker_6
    [2;3min[0m [1mcan_handle[0m

  [2m2026-02-22T16:44:02.647301Z[0m [34mDEBUG[0m  [34mThe file has the following feature sets: {Format: Supported, Lint: Supported, Search: NotRequested, Assist: Supported, Debug: Supported, HtmlFullSupport: FileNotSupported}[0m
    [2;3mat[0m crates/biome_service/src/workspace.rs:246 [2;3mon[0m biome::workspace_worker_6
    [2;3min[0m [1mcan_handle[0m

  [2m2026-02-22T16:44:02.647399Z[0m [34mDEBUG[0m  [34mThe file has the following feature sets: {Format: Supported, Lint: Supported, Search: NotRequested, Assist: Supported, Debug: Supported, HtmlFullSupport: FileNotSupported}[0m
    [2;3mat[0m crates/biome_service/src/workspace.rs:246 [2;3mon[0m biome::workspace_worker_6
    [2;3min[0m [1mcan_handle[0m

  [2m2026-02-22T16:44:02.647496Z[0m [34mDEBUG[0m  [34mThe file has the following feature sets: {Format: Supported, Lint: Supported, Search: NotRequested, Assist: Supported, Debug: Supported, HtmlFullSupport: FileNotSupported}[0m
    [2;3mat[0m crates/biome_service/src/workspace.rs:246 [2;3mon[0m biome::workspace_worker_6
    [2;3min[0m [1mcan_handle[0m

  [2m2026-02-22T16:44:02.647594Z[0m [34mDEBUG[0m  [34mThe file has the following feature sets: {Format: Supported, Lint: Supported, Search: NotRequested, Assist: Supported, Debug: Supported, HtmlFullSupport: FileNotSupported}[0m
    [2;3mat[0m crates/biome_service/src/workspace.rs:246 [2;3mon[0m biome::workspace_worker_6
    [2;3min[0m [1mcan_handle[0m

  [2m2026-02-22T16:44:02.647694Z[0m [34mDEBUG[0m  [34mThe file has the following feature sets: {Format: Supported, Lint: Supported, Search: NotRequested, Assist: Supported, Debug: Supported, HtmlFullSupport: FileNotSupported}[0m
    [2;3mat[0m crates/biome_service/src/workspace.rs:246 [2;3mon[0m biome::workspace_worker_6
    [2;3min[0m [1mcan_handle[0m

  [2m2026-02-22T16:44:02.647796Z[0m [34mDEBUG[0m  [34mThe file has the following feature sets: {Format: Supported, Lint: Supported, Search: NotRequested, Assist: Supported, Debug: Supported, HtmlFullSupport: FileNotSupported}[0m
    [2;3mat[0m crates/biome_service/src/workspace.rs:246 [2;3mon[0m biome::workspace_worker_6
    [2;3min[0m [1mcan_handle[0m

  [2m2026-02-22T16:44:02.647893Z[0m [34mDEBUG[0m  [34mThe file has the following feature sets: {Format: Supported, Lint: Supported, Search: NotRequested, Assist: Supported, Debug: Supported, HtmlFullSupport: FileNotSupported}[0m
    [2;3mat[0m crates/biome_service/src/workspace.rs:246 [2;3mon[0m biome::workspace_worker_6
    [2;3min[0m [1mcan_handle[0m

  [2m2026-02-22T16:44:02.647989Z[0m [34mDEBUG[0m  [34mThe file has the following feature sets: {Format: Supported, Lint: Supported, Search: NotRequested, Assist: Supported, Debug: Supported, HtmlFullSupport: FileNotSupported}[0m
    [2;3mat[0m crates/biome_service/src/workspace.rs:246 [2;3mon[0m biome::workspace_worker_6
    [2;3min[0m [1mcan_handle[0m

  [2m2026-02-22T16:44:02.648103Z[0m [34mDEBUG[0m  [34mThe file has the following feature sets: {Format: Supported, Lint: Supported, Search: NotRequested, Assist: Supported, Debug: Supported, HtmlFullSupport: FileNotSupported}[0m
    [2;3mat[0m crates/biome_service/src/workspace.rs:246 [2;3mon[0m biome::workspace_worker_6
    [2;3min[0m [1mcan_handle[0m

  [2m2026-02-22T16:44:02.648209Z[0m [34mDEBUG[0m  [34mThe file has the following feature sets: {Format: Supported, Lint: Supported, Search: NotRequested, Assist: Supported, Debug: Supported, HtmlFullSupport: FileNotSupported}[0m
    [2;3mat[0m crates/biome_service/src/workspace.rs:246 [2;3mon[0m biome::workspace_worker_6
    [2;3min[0m [1mcan_handle[0m

  [2m2026-02-22T16:44:02.648308Z[0m [34mDEBUG[0m  [34mThe file has the following feature sets: {Format: Supported, Lint: Supported, Search: NotRequested, Assist: Supported, Debug: Supported, HtmlFullSupport: FileNotSupported}[0m
    [2;3mat[0m crates/biome_service/src/workspace.rs:246 [2;3mon[0m biome::workspace_worker_6
    [2;3min[0m [1mcan_handle[0m

  [2m2026-02-22T16:44:02.648410Z[0m [34mDEBUG[0m  [34mThe file has the following feature sets: {Format: Supported, Lint: Supported, Search: NotRequested, Assist: Supported, Debug: Supported, HtmlFullSupport: FileNotSupported}[0m
    [2;3mat[0m crates/biome_service/src/workspace.rs:246 [2;3mon[0m biome::workspace_worker_6
    [2;3min[0m [1mcan_handle[0m

  [2m2026-02-22T16:44:02.648507Z[0m [34mDEBUG[0m  [34mThe file has the following feature sets: {Format: Supported, Lint: Supported, Search: NotRequested, Assist: Supported, Debug: Supported, HtmlFullSupport: FileNotSupported}[0m
    [2;3mat[0m crates/biome_service/src/workspace.rs:246 [2;3mon[0m biome::workspace_worker_6
    [2;3min[0m [1mcan_handle[0m

  [2m2026-02-22T16:44:02.648605Z[0m [34mDEBUG[0m  [34mThe file has the following feature sets: {Format: Supported, Lint: Supported, Search: NotRequested, Assist: Supported, Debug: Supported, HtmlFullSupport: FileNotSupported}[0m
    [2;3mat[0m crates/biome_service/src/workspace.rs:246 [2;3mon[0m biome::workspace_worker_6
    [2;3min[0m [1mcan_handle[0m

  [2m2026-02-22T16:44:02.648708Z[0m [34mDEBUG[0m  [34mThe file has the following feature sets: {Format: Supported, Lint: Supported, Search: NotRequested, Assist: Supported, Debug: Supported, HtmlFullSupport: FileNotSupported}[0m
    [2;3mat[0m crates/biome_service/src/workspace.rs:246 [2;3mon[0m biome::workspace_worker_6
    [2;3min[0m [1mcan_handle[0m

  [2m2026-02-22T16:44:02.648813Z[0m [34mDEBUG[0m  [34mThe file has the following feature sets: {Format: Supported, Lint: Supported, Search: NotRequested, Assist: Supported, Debug: Supported, HtmlFullSupport: FileNotSupported}[0m
    [2;3mat[0m crates/biome_service/src/workspace.rs:246 [2;3mon[0m biome::workspace_worker_6
    [2;3min[0m [1mcan_handle[0m

  [2m2026-02-22T16:44:02.648912Z[0m [34mDEBUG[0m  [34mThe file has the following feature sets: {Format: Supported, Lint: Supported, Search: NotRequested, Assist: Supported, Debug: Supported, HtmlFullSupport: FileNotSupported}[0m
    [2;3mat[0m crates/biome_service/src/workspace.rs:246 [2;3mon[0m biome::workspace_worker_6
    [2;3min[0m [1mcan_handle[0m

  [2m2026-02-22T16:44:02.649019Z[0m [34mDEBUG[0m  [34mThe file has the following feature sets: {Format: Supported, Lint: Supported, Search: NotRequested, Assist: Supported, Debug: Supported, HtmlFullSupport: FileNotSupported}[0m
    [2;3mat[0m crates/biome_service/src/workspace.rs:246 [2;3mon[0m biome::workspace_worker_6
    [2;3min[0m [1mcan_handle[0m

  [2m2026-02-22T16:44:02.649136Z[0m [34mDEBUG[0m  [34mThe file has the following feature sets: {Format: Supported, Lint: Supported, Search: NotRequested, Assist: Supported, Debug: Supported, HtmlFullSupport: FileNotSupported}[0m
    [2;3mat[0m crates/biome_service/src/workspace.rs:246 [2;3mon[0m biome::workspace_worker_6
    [2;3min[0m [1mcan_handle[0m

  [2m2026-02-22T16:44:02.649236Z[0m [34mDEBUG[0m  [34mThe file has the following feature sets: {Format: Supported, Lint: Supported, Search: NotRequested, Assist: Supported, Debug: Supported, HtmlFullSupport: FileNotSupported}[0m
    [2;3mat[0m crates/biome_service/src/workspace.rs:246 [2;3mon[0m biome::workspace_worker_6
    [2;3min[0m [1mcan_handle[0m

  [2m2026-02-22T16:44:02.649365Z[0m [34mDEBUG[0m  [34mThe file has the following feature sets: {Format: Supported, Lint: Supported, Search: NotRequested, Assist: Supported, Debug: Supported, HtmlFullSupport: FileNotSupported}[0m
    [2;3mat[0m crates/biome_service/src/workspace.rs:246 [2;3mon[0m biome::workspace_worker_6
    [2;3min[0m [1mcan_handle[0m

  [2m2026-02-22T16:44:02.649495Z[0m [34mDEBUG[0m  [34mThe file has the following feature sets: {Format: Supported, Lint: Supported, Search: NotRequested, Assist: Supported, Debug: Supported, HtmlFullSupport: FileNotSupported}[0m
    [2;3mat[0m crates/biome_service/src/workspace.rs:246 [2;3mon[0m biome::workspace_worker_6
    [2;3min[0m [1mcan_handle[0m

  [2m2026-02-22T16:44:02.649602Z[0m [34mDEBUG[0m  [34mThe file has the following feature sets: {Format: Supported, Lint: Supported, Search: NotRequested, Assist: Supported, Debug: Supported, HtmlFullSupport: FileNotSupported}[0m
    [2;3mat[0m crates/biome_service/src/workspace.rs:246 [2;3mon[0m biome::workspace_worker_6
    [2;3min[0m [1mcan_handle[0m

  [2m2026-02-22T16:44:02.649698Z[0m [34mDEBUG[0m  [34mThe file has the following feature sets: {Format: Supported, Lint: Supported, Search: NotRequested, Assist: Supported, Debug: Supported, HtmlFullSupport: FileNotSupported}[0m
    [2;3mat[0m crates/biome_service/src/workspace.rs:246 [2;3mon[0m biome::workspace_worker_6
    [2;3min[0m [1mcan_handle[0m

  [2m2026-02-22T16:44:02.649792Z[0m [34mDEBUG[0m  [34mThe file has the following feature sets: {Format: Supported, Lint: Supported, Search: NotRequested, Assist: Supported, Debug: Supported, HtmlFullSupport: FileNotSupported}[0m
    [2;3mat[0m crates/biome_service/src/workspace.rs:246 [2;3mon[0m biome::workspace_worker_6
    [2;3min[0m [1mcan_handle[0m

  [2m2026-02-22T16:44:02.649888Z[0m [34mDEBUG[0m  [34mThe file has the following feature sets: {Format: Supported, Lint: Supported, Search: NotRequested, Assist: Supported, Debug: Supported, HtmlFullSupport: FileNotSupported}[0m
    [2;3mat[0m crates/biome_service/src/workspace.rs:246 [2;3mon[0m biome::workspace_worker_6
    [2;3min[0m [1mcan_handle[0m

  [2m2026-02-22T16:44:02.650067Z[0m [34mDEBUG[0m  [34mThe file has the following feature sets: {Format: Supported, Lint: Supported, Search: NotRequested, Assist: Supported, Debug: Supported, HtmlFullSupport: FileNotSupported}[0m
    [2;3mat[0m crates/biome_service/src/workspace.rs:246 [2;3mon[0m biome::workspace_worker_0

  [2m2026-02-22T16:44:02.650097Z[0m [34mDEBUG[0m  [34mThe file has the following feature sets: {Format: Supported, Lint: Supported, Search: NotRequested, Assist: Supported, Debug: Supported, HtmlFullSupport: FileNotSupported}[0m
    [2;3mat[0m crates/biome_service/src/workspace.rs:246 [2;3mon[0m biome::workspace_worker_2

  [2m2026-02-22T16:44:02.650113Z[0m [34mDEBUG[0m  [34mThe file has the following feature sets: {Format: Supported, Lint: Supported, Search: NotRequested, Assist: Supported, Debug: Supported, HtmlFullSupport: FileNotSupported}[0m
    [2;3mat[0m crates/biome_service/src/workspace.rs:246 [2;3mon[0m biome::workspace_worker_3

  [2m2026-02-22T16:44:02.650137Z[0m [34mDEBUG[0m  [34mThe file has the following feature sets: {Format: Supported, Lint: Supported, Search: NotRequested, Assist: Supported, Debug: Supported, HtmlFullSupport: FileNotSupported}[0m
    [2;3mat[0m crates/biome_service/src/workspace.rs:246 [2;3mon[0m biome::workspace_worker_7

  [2m2026-02-22T16:44:02.650148Z[0m [34mDEBUG[0m  [34mThe file has the following feature sets: {Format: Supported, Lint: Supported, Search: NotRequested, Assist: Supported, Debug: Supported, HtmlFullSupport: FileNotSupported}[0m
    [2;3mat[0m crates/biome_service/src/workspace.rs:246 [2;3mon[0m biome::workspace_worker_4

  [2m2026-02-22T16:44:02.650150Z[0m [34mDEBUG[0m  [34mThe file has the following feature sets: {Format: Supported, Lint: Supported, Search: NotRequested, Assist: Supported, Debug: Supported, HtmlFullSupport: FileNotSupported}[0m
    [2;3mat[0m crates/biome_service/src/workspace.rs:246 [2;3mon[0m biome::workspace_worker_8

  [2m2026-02-22T16:44:02.650172Z[0m [34mDEBUG[0m  [34mThe file has the following feature sets: {Format: Supported, Lint: Supported, Search: NotRequested, Assist: Supported, Debug: Supported, HtmlFullSupport: FileNotSupported}[0m
    [2;3mat[0m crates/biome_service/src/workspace.rs:246 [2;3mon[0m biome::workspace_worker_1

  [2m2026-02-22T16:44:02.650173Z[0m [34mDEBUG[0m  [34mThe file has the following feature sets: {Format: Supported, Lint: Supported, Search: NotRequested, Assist: Supported, Debug: Supported, HtmlFullSupport: FileNotSupported}[0m
    [2;3mat[0m crates/biome_service/src/workspace.rs:246 [2;3mon[0m biome::workspace_worker_9

  [2m2026-02-22T16:44:02.650157Z[0m [34mDEBUG[0m  [34mThe file has the following feature sets: {Format: Supported, Lint: Supported, Search: NotRequested, Assist: Supported, Debug: Supported, HtmlFullSupport: FileNotSupported}[0m
    [2;3mat[0m crates/biome_service/src/workspace.rs:246 [2;3mon[0m biome::workspace_worker_10

  [2m2026-02-22T16:44:02.650236Z[0m [34mDEBUG[0m  [34mThe file has the following feature sets: {Format: Supported, Lint: Supported, Search: NotRequested, Assist: Supported, Debug: Supported, HtmlFullSupport: FileNotSupported}[0m
    [2;3mat[0m crates/biome_service/src/workspace.rs:246 [2;3mon[0m biome::workspace_worker_11

  [2m2026-02-22T16:44:02.650251Z[0m [34mDEBUG[0m  [34mThe file has the following feature sets: {Format: Supported, Lint: Supported, Search: NotRequested, Assist: Supported, Debug: Supported, HtmlFullSupport: FileNotSupported}[0m
    [2;3mat[0m crates/biome_service/src/workspace.rs:246 [2;3mon[0m biome::workspace_worker_16

  [2m2026-02-22T16:44:02.650276Z[0m [34mDEBUG[0m  [34mThe file has the following feature sets: {Format: Supported, Lint: Supported, Search: NotRequested, Assist: Supported, Debug: Supported, HtmlFullSupport: FileNotSupported}[0m
    [2;3mat[0m crates/biome_service/src/workspace.rs:246 [2;3mon[0m biome::workspace_worker_15

  [2m2026-02-22T16:44:02.650326Z[0m [34mDEBUG[0m  [34mThe file has the following feature sets: {Format: Supported, Lint: Supported, Search: NotRequested, Assist: Supported, Debug: Supported, HtmlFullSupport: FileNotSupported}[0m
    [2;3mat[0m crates/biome_service/src/workspace.rs:246 [2;3mon[0m biome::workspace_worker_17

  [2m2026-02-22T16:44:02.650335Z[0m [34mDEBUG[0m  [34mThe file has the following feature sets: {Format: Supported, Lint: Supported, Search: NotRequested, Assist: Supported, Debug: Supported, HtmlFullSupport: FileNotSupported}[0m
    [2;3mat[0m crates/biome_service/src/workspace.rs:246 [2;3mon[0m biome::workspace_worker_13

  [2m2026-02-22T16:44:02.650109Z[0m [34mDEBUG[0m  [34mThe file has the following feature sets: {Format: Supported, Lint: Supported, Search: NotRequested, Assist: Supported, Debug: Supported, HtmlFullSupport: FileNotSupported}[0m
    [2;3mat[0m crates/biome_service/src/workspace.rs:246 [2;3mon[0m biome::workspace_worker_6

  [2m2026-02-22T16:44:02.650898Z[0m [34mDEBUG[0m  [34mThe file has the following feature sets: {Format: Supported, Lint: Supported, Search: NotRequested, Assist: Supported, Debug: Supported, HtmlFullSupport: FileNotSupported}[0m
    [2;3mat[0m crates/biome_service/src/workspace.rs:246 [2;3mon[0m biome::workspace_worker_12

  [2m2026-02-22T16:44:02.653042Z[0m [32m INFO[0m  [32mFix file summary result. Errors 0, skipped fixes 0, actions 0[0m
    [2;3mat[0m crates/biome_cli/src/runner/impls/process_file/lint_and_assist.rs:68 [2;3mon[0m biome::workspace_worker_1

  [2m2026-02-22T16:44:02.653223Z[0m [34mDEBUG[0m  [34mThe file has the following feature sets: {Format: Supported, Lint: Supported, Search: NotRequested, Assist: Supported, Debug: Supported, HtmlFullSupport: FileNotSupported}[0m
    [2;3mat[0m crates/biome_service/src/workspace.rs:246 [2;3mon[0m biome::workspace_worker_14

  [2m2026-02-22T16:44:02.650115Z[0m [34mDEBUG[0m  [34mThe file has the following feature sets: {Format: Supported, Lint: Supported, Search: NotRequested, Assist: Supported, Debug: Supported, HtmlFullSupport: FileNotSupported}[0m
    [2;3mat[0m crates/biome_service/src/workspace.rs:246 [2;3mon[0m biome::workspace_worker_5

  [2m2026-02-22T16:44:02.653399Z[0m [32m INFO[0m  [32mFix file summary result. Errors 0, skipped fixes 0, actions 0[0m
    [2;3mat[0m crates/biome_cli/src/runner/impls/process_file/lint_and_assist.rs:68 [2;3mon[0m biome::workspace_worker_7

  [2m2026-02-22T16:44:02.653088Z[0m [32m INFO[0m  [32mFix file summary result. Errors 0, skipped fixes 0, actions 0[0m
    [2;3mat[0m crates/biome_cli/src/runner/impls/process_file/lint_and_assist.rs:68 [2;3mon[0m biome::workspace_worker_12

  [2m2026-02-22T16:44:02.653698Z[0m [32m INFO[0m  [32mFix file summary result. Errors 0, skipped fixes 0, actions 0[0m
    [2;3mat[0m crates/biome_cli/src/runner/impls/process_file/lint_and_assist.rs:68 [2;3mon[0m biome::workspace_worker_0

  [2m2026-02-22T16:44:02.654036Z[0m [32m INFO[0m  [32mFix file summary result. Errors 0, skipped fixes 0, actions 0[0m
    [2;3mat[0m crates/biome_cli/src/runner/impls/process_file/lint_and_assist.rs:68 [2;3mon[0m biome::workspace_worker_17

  [2m2026-02-22T16:44:02.653059Z[0m [32m INFO[0m  [32mFix file summary result. Errors 0, skipped fixes 0, actions 0[0m
    [2;3mat[0m crates/biome_cli/src/runner/impls/process_file/lint_and_assist.rs:68 [2;3mon[0m biome::workspace_worker_16

  [2m2026-02-22T16:44:02.654845Z[0m [32m INFO[0m  [32mPulled 0 diagnostic(s), skipped 0 diagnostic(s) from /home/artu/Desktop/projects/showcases-portfolio/src/app/essencial/servicos-residenciais/layout.tsx[0m
    [2;3mat[0m crates/biome_service/src/workspace/server.rs:1809 [2;3mon[0m biome::workspace_worker_12
    [2;3min[0m [1mpull_diagnostics[0m [2;3mwith[0m [1mrule_categories[0m: [Syntax, Lint, Action], [1mpath[0m: /home/artu/Desktop/projects/showcases-portfolio/src/app/essencial/servicos-residenciais/layout.tsx, [1mproject_key[0m: ProjectKey(1), [1mskip[0m: [], [1monly[0m: []

  [2m2026-02-22T16:44:02.654910Z[0m [32m INFO[0m  [32mFix file summary result. Errors 0, skipped fixes 0, actions 0[0m
    [2;3mat[0m crates/biome_cli/src/runner/impls/process_file/lint_and_assist.rs:68 [2;3mon[0m biome::workspace_worker_9

  [2m2026-02-22T16:44:02.654958Z[0m [32m INFO[0m  [32mPulled 0 diagnostic(s), skipped 0 diagnostic(s) from /home/artu/Desktop/projects/showcases-portfolio/src/app/essencial/servicos-residenciais/layout.tsx[0m
    [2;3mat[0m crates/biome_service/src/workspace/server.rs:1809 [2;3mon[0m biome::workspace_worker_12
    [2;3min[0m [1mpull_diagnostics[0m [2;3mwith[0m [1mrule_categories[0m: [Syntax], [1mpath[0m: /home/artu/Desktop/projects/showcases-portfolio/src/app/essencial/servicos-residenciais/layout.tsx, [1mproject_key[0m: ProjectKey(1), [1mskip[0m: [], [1monly[0m: []

  [2m2026-02-22T16:44:02.654860Z[0m [32m INFO[0m  [32mFix file summary result. Errors 0, skipped fixes 0, actions 0[0m
    [2;3mat[0m crates/biome_cli/src/runner/impls/process_file/lint_and_assist.rs:68 [2;3mon[0m biome::workspace_worker_8

  [2m2026-02-22T16:44:02.655508Z[0m [32m INFO[0m  [32mPulled 0 diagnostic(s), skipped 0 diagnostic(s) from /home/artu/Desktop/projects/showcases-portfolio/src/app/essencial/servicos-residenciais/components/icons.tsx[0m
    [2;3mat[0m crates/biome_service/src/workspace/server.rs:1809 [2;3mon[0m biome::workspace_worker_16
    [2;3min[0m [1mpull_diagnostics[0m [2;3mwith[0m [1mrule_categories[0m: [Syntax, Lint, Action], [1mpath[0m: /home/artu/Desktop/projects/showcases-portfolio/src/app/essencial/servicos-residenciais/components/icons.tsx, [1mproject_key[0m: ProjectKey(1), [1mskip[0m: [], [1monly[0m: []

  [2m2026-02-22T16:44:02.655622Z[0m [32m INFO[0m  [32mPulled 0 diagnostic(s), skipped 0 diagnostic(s) from /home/artu/Desktop/projects/showcases-portfolio/src/app/essencial/servicos-residenciais/components/icons.tsx[0m
    [2;3mat[0m crates/biome_service/src/workspace/server.rs:1809 [2;3mon[0m biome::workspace_worker_16
    [2;3min[0m [1mpull_diagnostics[0m [2;3mwith[0m [1mrule_categories[0m: [Syntax], [1mpath[0m: /home/artu/Desktop/projects/showcases-portfolio/src/app/essencial/servicos-residenciais/components/icons.tsx, [1mproject_key[0m: ProjectKey(1), [1mskip[0m: [], [1monly[0m: []

  [2m2026-02-22T16:44:02.655687Z[0m [34mDEBUG[0m  [34mJsFormatOptions { indent_style: Tab, indent_width: 2, line_ending: Lf, line_width: 100, quote_style: Double, jsx_quote_style: Double, quote_properties: AsNeeded, trailing_commas: All, semicolons: AsNeeded, arrow_parentheses: Always, bracket_spacing: BracketSpacing(true), bracket_same_line: BracketSameLine(false), source_type: JsFileSource { language: TypeScript { definition_file: false }, variant: Jsx, module_kind: Module, version: ES2022, embedding_kind: None }, attribute_position: Auto, expand: Auto, operator_linebreak: After, trailing_newline: TrailingNewline(true) }[0m
    [2;3mat[0m crates/biome_service/src/file_handlers/javascript.rs:1131 [2;3mon[0m biome::workspace_worker_16
    [2;3min[0m [1mformat_file[0m [2;3mwith[0m [1mpath[0m: /home/artu/Desktop/projects/showcases-portfolio/src/app/essencial/servicos-residenciais/components/icons.tsx

  [2m2026-02-22T16:44:02.655809Z[0m [34mDEBUG[0m  [34mFormat output is different from input: false[0m
    [2;3mat[0m crates/biome_cli/src/runner/impls/process_file/format.rs:106 [2;3mon[0m biome::workspace_worker_16

  [2m2026-02-22T16:44:02.655893Z[0m [34mDEBUG[0m  [34mThe file has the following feature sets: {Format: Supported, Lint: Supported, Search: NotRequested, Assist: Supported, Debug: Supported, HtmlFullSupport: FileNotSupported}[0m
    [2;3mat[0m crates/biome_service/src/workspace.rs:246 [2;3mon[0m biome::workspace_worker_16

  [2m2026-02-22T16:44:02.655968Z[0m [32m INFO[0m  [32mFix file summary result. Errors 0, skipped fixes 0, actions 0[0m
    [2;3mat[0m crates/biome_cli/src/runner/impls/process_file/lint_and_assist.rs:68 [2;3mon[0m biome::workspace_worker_2

  [2m2026-02-22T16:44:02.655986Z[0m [32m INFO[0m  [32mFix file summary result. Errors 0, skipped fixes 0, actions 0[0m
    [2;3mat[0m crates/biome_cli/src/runner/impls/process_file/lint_and_assist.rs:68 [2;3mon[0m biome::workspace_worker_5

  [2m2026-02-22T16:44:02.655992Z[0m [32m INFO[0m  [32mPulled 0 diagnostic(s), skipped 0 diagnostic(s) from /home/artu/Desktop/projects/showcases-portfolio/src/app/essencial/servicos-residenciais/data.ts[0m
    [2;3mat[0m crates/biome_service/src/workspace/server.rs:1809 [2;3mon[0m biome::workspace_worker_17
    [2;3min[0m [1mpull_diagnostics[0m [2;3mwith[0m [1mrule_categories[0m: [Syntax, Lint, Action], [1mpath[0m: /home/artu/Desktop/projects/showcases-portfolio/src/app/essencial/servicos-residenciais/data.ts, [1mproject_key[0m: ProjectKey(1), [1mskip[0m: [], [1monly[0m: []

  [2m2026-02-22T16:44:02.656093Z[0m [32m INFO[0m  [32mPulled 0 diagnostic(s), skipped 0 diagnostic(s) from /home/artu/Desktop/projects/showcases-portfolio/src/app/essencial/servicos-residenciais/data.ts[0m
    [2;3mat[0m crates/biome_service/src/workspace/server.rs:1809 [2;3mon[0m biome::workspace_worker_17
    [2;3min[0m [1mpull_diagnostics[0m [2;3mwith[0m [1mrule_categories[0m: [Syntax], [1mpath[0m: /home/artu/Desktop/projects/showcases-portfolio/src/app/essencial/servicos-residenciais/data.ts, [1mproject_key[0m: ProjectKey(1), [1mskip[0m: [], [1monly[0m: []

  [2m2026-02-22T16:44:02.656169Z[0m [34mDEBUG[0m  [34mJsFormatOptions { indent_style: Tab, indent_width: 2, line_ending: Lf, line_width: 100, quote_style: Double, jsx_quote_style: Double, quote_properties: AsNeeded, trailing_commas: All, semicolons: AsNeeded, arrow_parentheses: Always, bracket_spacing: BracketSpacing(true), bracket_same_line: BracketSameLine(false), source_type: JsFileSource { language: TypeScript { definition_file: false }, variant: Standard, module_kind: Module, version: ES2022, embedding_kind: None }, attribute_position: Auto, expand: Auto, operator_linebreak: After, trailing_newline: TrailingNewline(true) }[0m
    [2;3mat[0m crates/biome_service/src/file_handlers/javascript.rs:1131 [2;3mon[0m biome::workspace_worker_17
    [2;3min[0m [1mformat_file[0m [2;3mwith[0m [1mpath[0m: /home/artu/Desktop/projects/showcases-portfolio/src/app/essencial/servicos-residenciais/data.ts

  [2m2026-02-22T16:44:02.656485Z[0m [32m INFO[0m  [32mPulled 0 diagnostic(s), skipped 0 diagnostic(s) from /home/artu/Desktop/projects/showcases-portfolio/src/app/essencial/psicologo/layout.tsx[0m
    [2;3mat[0m crates/biome_service/src/workspace/server.rs:1809 [2;3mon[0m biome::workspace_worker_7
    [2;3min[0m [1mpull_diagnostics[0m [2;3mwith[0m [1mrule_categories[0m: [Syntax, Lint, Action], [1mpath[0m: /home/artu/Desktop/projects/showcases-portfolio/src/app/essencial/psicologo/layout.tsx, [1mproject_key[0m: ProjectKey(1), [1mskip[0m: [], [1monly[0m: []

  [2m2026-02-22T16:44:02.653263Z[0m [32m INFO[0m  [32mFix file summary result. Errors 0, skipped fixes 0, actions 0[0m
    [2;3mat[0m crates/biome_cli/src/runner/impls/process_file/lint_and_assist.rs:68 [2;3mon[0m biome::workspace_worker_3

  [2m2026-02-22T16:44:02.656583Z[0m [32m INFO[0m  [32mPulled 0 diagnostic(s), skipped 0 diagnostic(s) from /home/artu/Desktop/projects/showcases-portfolio/src/app/essencial/psicologo/layout.tsx[0m
    [2;3mat[0m crates/biome_service/src/workspace/server.rs:1809 [2;3mon[0m biome::workspace_worker_7
    [2;3min[0m [1mpull_diagnostics[0m [2;3mwith[0m [1mrule_categories[0m: [Syntax], [1mpath[0m: /home/artu/Desktop/projects/showcases-portfolio/src/app/essencial/psicologo/layout.tsx, [1mproject_key[0m: ProjectKey(1), [1mskip[0m: [], [1monly[0m: []

  [2m2026-02-22T16:44:02.656587Z[0m [32m INFO[0m  [32mPulled 0 diagnostic(s), skipped 0 diagnostic(s) from /home/artu/Desktop/projects/showcases-portfolio/src/app/essencial/padaria/data.ts[0m
    [2;3mat[0m crates/biome_service/src/workspace/server.rs:1809 [2;3mon[0m biome::workspace_worker_8
    [2;3min[0m [1mpull_diagnostics[0m [2;3mwith[0m [1mrule_categories[0m: [Syntax, Lint, Action], [1mpath[0m: /home/artu/Desktop/projects/showcases-portfolio/src/app/essencial/padaria/data.ts, [1mproject_key[0m: ProjectKey(1), [1mskip[0m: [], [1monly[0m: []

  [2m2026-02-22T16:44:02.656634Z[0m [32m INFO[0m  [32mPulled 0 diagnostic(s), skipped 0 diagnostic(s) from /home/artu/Desktop/projects/showcases-portfolio/src/app/essencial/padaria/data.ts[0m
    [2;3mat[0m crates/biome_service/src/workspace/server.rs:1809 [2;3mon[0m biome::workspace_worker_8
    [2;3min[0m [1mpull_diagnostics[0m [2;3mwith[0m [1mrule_categories[0m: [Syntax], [1mpath[0m: /home/artu/Desktop/projects/showcases-portfolio/src/app/essencial/padaria/data.ts, [1mproject_key[0m: ProjectKey(1), [1mskip[0m: [], [1monly[0m: []

  [2m2026-02-22T16:44:02.656636Z[0m [34mDEBUG[0m  [34mJsFormatOptions { indent_style: Tab, indent_width: 2, line_ending: Lf, line_width: 100, quote_style: Double, jsx_quote_style: Double, quote_properties: AsNeeded, trailing_commas: All, semicolons: AsNeeded, arrow_parentheses: Always, bracket_spacing: BracketSpacing(true), bracket_same_line: BracketSameLine(false), source_type: JsFileSource { language: TypeScript { definition_file: false }, variant: Jsx, module_kind: Module, version: ES2022, embedding_kind: None }, attribute_position: Auto, expand: Auto, operator_linebreak: After, trailing_newline: TrailingNewline(true) }[0m
    [2;3mat[0m crates/biome_service/src/file_handlers/javascript.rs:1131 [2;3mon[0m biome::workspace_worker_7
    [2;3min[0m [1mformat_file[0m [2;3mwith[0m [1mpath[0m: /home/artu/Desktop/projects/showcases-portfolio/src/app/essencial/psicologo/layout.tsx

  [2m2026-02-22T16:44:02.656687Z[0m [34mDEBUG[0m  [34mJsFormatOptions { indent_style: Tab, indent_width: 2, line_ending: Lf, line_width: 100, quote_style: Double, jsx_quote_style: Double, quote_properties: AsNeeded, trailing_commas: All, semicolons: AsNeeded, arrow_parentheses: Always, bracket_spacing: BracketSpacing(true), bracket_same_line: BracketSameLine(false), source_type: JsFileSource { language: TypeScript { definition_file: false }, variant: Standard, module_kind: Module, version: ES2022, embedding_kind: None }, attribute_position: Auto, expand: Auto, operator_linebreak: After, trailing_newline: TrailingNewline(true) }[0m
    [2;3mat[0m crates/biome_service/src/file_handlers/javascript.rs:1131 [2;3mon[0m biome::workspace_worker_8
    [2;3min[0m [1mformat_file[0m [2;3mwith[0m [1mpath[0m: /home/artu/Desktop/projects/showcases-portfolio/src/app/essencial/padaria/data.ts

  [2m2026-02-22T16:44:02.656782Z[0m [34mDEBUG[0m  [34mFormat output is different from input: false[0m
    [2;3mat[0m crates/biome_cli/src/runner/impls/process_file/format.rs:106 [2;3mon[0m biome::workspace_worker_7

  [2m2026-02-22T16:44:02.656863Z[0m [34mDEBUG[0m  [34mThe file has the following feature sets: {Format: Supported, Lint: Supported, Search: NotRequested, Assist: Supported, Debug: Supported, HtmlFullSupport: FileNotSupported}[0m
    [2;3mat[0m crates/biome_service/src/workspace.rs:246 [2;3mon[0m biome::workspace_worker_7

  [2m2026-02-22T16:44:02.656883Z[0m [32m INFO[0m  [32mFix file summary result. Errors 0, skipped fixes 0, actions 0[0m
    [2;3mat[0m crates/biome_cli/src/runner/impls/process_file/lint_and_assist.rs:68 [2;3mon[0m biome::workspace_worker_15

  [2m2026-02-22T16:44:02.656995Z[0m [34mDEBUG[0m  [34mFormat output is different from input: false[0m
    [2;3mat[0m crates/biome_cli/src/runner/impls/process_file/format.rs:106 [2;3mon[0m biome::workspace_worker_8

  [2m2026-02-22T16:44:02.657001Z[0m [32m INFO[0m  [32mFix file summary result. Errors 0, skipped fixes 0, actions 0[0m
    [2;3mat[0m crates/biome_cli/src/runner/impls/process_file/lint_and_assist.rs:68 [2;3mon[0m biome::workspace_worker_11

  [2m2026-02-22T16:44:02.657055Z[0m [34mDEBUG[0m  [34mThe file has the following feature sets: {Format: Supported, Lint: Supported, Search: NotRequested, Assist: Supported, Debug: Supported, HtmlFullSupport: FileNotSupported}[0m
    [2;3mat[0m crates/biome_service/src/workspace.rs:246 [2;3mon[0m biome::workspace_worker_8

  [2m2026-02-22T16:44:02.656511Z[0m [32m INFO[0m  [32mFix file summary result. Errors 0, skipped fixes 0, actions 0[0m
    [2;3mat[0m crates/biome_cli/src/runner/impls/process_file/lint_and_assist.rs:68 [2;3mon[0m biome::workspace_worker_6

  [2m2026-02-22T16:44:02.657791Z[0m [32m INFO[0m  [32mPulled 0 diagnostic(s), skipped 0 diagnostic(s) from /home/artu/Desktop/projects/showcases-portfolio/src/lib/utils.ts[0m
    [2;3mat[0m crates/biome_service/src/workspace/server.rs:1809 [2;3mon[0m biome::workspace_worker_1
    [2;3min[0m [1mpull_diagnostics[0m [2;3mwith[0m [1mrule_categories[0m: [Syntax, Lint, Action], [1mpath[0m: /home/artu/Desktop/projects/showcases-portfolio/src/lib/utils.ts, [1mproject_key[0m: ProjectKey(1), [1mskip[0m: [], [1monly[0m: []

  [2m2026-02-22T16:44:02.657871Z[0m [32m INFO[0m  [32mPulled 0 diagnostic(s), skipped 0 diagnostic(s) from /home/artu/Desktop/projects/showcases-portfolio/src/lib/utils.ts[0m
    [2;3mat[0m crates/biome_service/src/workspace/server.rs:1809 [2;3mon[0m biome::workspace_worker_1
    [2;3min[0m [1mpull_diagnostics[0m [2;3mwith[0m [1mrule_categories[0m: [Syntax], [1mpath[0m: /home/artu/Desktop/projects/showcases-portfolio/src/lib/utils.ts, [1mproject_key[0m: ProjectKey(1), [1mskip[0m: [], [1monly[0m: []

  [2m2026-02-22T16:44:02.657941Z[0m [34mDEBUG[0m  [34mJsFormatOptions { indent_style: Tab, indent_width: 2, line_ending: Lf, line_width: 100, quote_style: Double, jsx_quote_style: Double, quote_properties: AsNeeded, trailing_commas: All, semicolons: AsNeeded, arrow_parentheses: Always, bracket_spacing: BracketSpacing(true), bracket_same_line: BracketSameLine(false), source_type: JsFileSource { language: TypeScript { definition_file: false }, variant: Standard, module_kind: Module, version: ES2022, embedding_kind: None }, attribute_position: Auto, expand: Auto, operator_linebreak: After, trailing_newline: TrailingNewline(true) }[0m
    [2;3mat[0m crates/biome_service/src/file_handlers/javascript.rs:1131 [2;3mon[0m biome::workspace_worker_1
    [2;3min[0m [1mformat_file[0m [2;3mwith[0m [1mpath[0m: /home/artu/Desktop/projects/showcases-portfolio/src/lib/utils.ts

  [2m2026-02-22T16:44:02.657985Z[0m [32m INFO[0m  [32mPulled 0 diagnostic(s), skipped 0 diagnostic(s) from /home/artu/Desktop/projects/showcases-portfolio/src/app/essencial/padaria/layout.tsx[0m
    [2;3mat[0m crates/biome_service/src/workspace/server.rs:1809 [2;3mon[0m biome::workspace_worker_5
    [2;3min[0m [1mpull_diagnostics[0m [2;3mwith[0m [1mrule_categories[0m: [Syntax, Lint, Action], [1mpath[0m: /home/artu/Desktop/projects/showcases-portfolio/src/app/essencial/padaria/layout.tsx, [1mproject_key[0m: ProjectKey(1), [1mskip[0m: [], [1monly[0m: []

  [2m2026-02-22T16:44:02.658046Z[0m [34mDEBUG[0m  [34mFormat output is different from input: false[0m
    [2;3mat[0m crates/biome_cli/src/runner/impls/process_file/format.rs:106 [2;3mon[0m biome::workspace_worker_1

  [2m2026-02-22T16:44:02.658063Z[0m [32m INFO[0m  [32mPulled 0 diagnostic(s), skipped 0 diagnostic(s) from /home/artu/Desktop/projects/showcases-portfolio/src/app/essencial/padaria/layout.tsx[0m
    [2;3mat[0m crates/biome_service/src/workspace/server.rs:1809 [2;3mon[0m biome::workspace_worker_5
    [2;3min[0m [1mpull_diagnostics[0m [2;3mwith[0m [1mrule_categories[0m: [Syntax], [1mpath[0m: /home/artu/Desktop/projects/showcases-portfolio/src/app/essencial/padaria/layout.tsx, [1mproject_key[0m: ProjectKey(1), [1mskip[0m: [], [1monly[0m: []

  [2m2026-02-22T16:44:02.655054Z[0m [34mDEBUG[0m  [34mJsFormatOptions { indent_style: Tab, indent_width: 2, line_ending: Lf, line_width: 100, quote_style: Double, jsx_quote_style: Double, quote_properties: AsNeeded, trailing_commas: All, semicolons: AsNeeded, arrow_parentheses: Always, bracket_spacing: BracketSpacing(true), bracket_same_line: BracketSameLine(false), source_type: JsFileSource { language: TypeScript { definition_file: false }, variant: Jsx, module_kind: Module, version: ES2022, embedding_kind: None }, attribute_position: Auto, expand: Auto, operator_linebreak: After, trailing_newline: TrailingNewline(true) }[0m
    [2;3mat[0m crates/biome_service/src/file_handlers/javascript.rs:1131 [2;3mon[0m biome::workspace_worker_12
    [2;3min[0m [1mformat_file[0m [2;3mwith[0m [1mpath[0m: /home/artu/Desktop/projects/showcases-portfolio/src/app/essencial/servicos-residenciais/layout.tsx

  [2m2026-02-22T16:44:02.658182Z[0m [34mDEBUG[0m  [34mJsFormatOptions { indent_style: Tab, indent_width: 2, line_ending: Lf, line_width: 100, quote_style: Double, jsx_quote_style: Double, quote_properties: AsNeeded, trailing_commas: All, semicolons: AsNeeded, arrow_parentheses: Always, bracket_spacing: BracketSpacing(true), bracket_same_line: BracketSameLine(false), source_type: JsFileSource { language: TypeScript { definition_file: false }, variant: Jsx, module_kind: Module, version: ES2022, embedding_kind: None }, attribute_position: Auto, expand: Auto, operator_linebreak: After, trailing_newline: TrailingNewline(true) }[0m
    [2;3mat[0m crates/biome_service/src/file_handlers/javascript.rs:1131 [2;3mon[0m biome::workspace_worker_5
    [2;3min[0m [1mformat_file[0m [2;3mwith[0m [1mpath[0m: /home/artu/Desktop/projects/showcases-portfolio/src/app/essencial/padaria/layout.tsx

  [2m2026-02-22T16:44:02.658175Z[0m [34mDEBUG[0m  [34mThe file has the following feature sets: {Format: Supported, Lint: Supported, Search: NotRequested, Assist: Supported, Debug: Supported, HtmlFullSupport: FileNotSupported}[0m
    [2;3mat[0m crates/biome_service/src/workspace.rs:246 [2;3mon[0m biome::workspace_worker_1

  [2m2026-02-22T16:44:02.658245Z[0m [32m INFO[0m  [32mPulled 0 diagnostic(s), skipped 0 diagnostic(s) from /home/artu/Desktop/projects/showcases-portfolio/src/app/essencial/psicologo/data.ts[0m
    [2;3mat[0m crates/biome_service/src/workspace/server.rs:1809 [2;3mon[0m biome::workspace_worker_9
    [2;3min[0m [1mpull_diagnostics[0m [2;3mwith[0m [1mrule_categories[0m: [Syntax, Lint, Action], [1mpath[0m: /home/artu/Desktop/projects/showcases-portfolio/src/app/essencial/psicologo/data.ts, [1mproject_key[0m: ProjectKey(1), [1mskip[0m: [], [1monly[0m: []

  [2m2026-02-22T16:44:02.658363Z[0m [34mDEBUG[0m  [34mFormat output is different from input: false[0m
    [2;3mat[0m crates/biome_cli/src/runner/impls/process_file/format.rs:106 [2;3mon[0m biome::workspace_worker_5

  [2m2026-02-22T16:44:02.658368Z[0m [32m INFO[0m  [32mPulled 0 diagnostic(s), skipped 0 diagnostic(s) from /home/artu/Desktop/projects/showcases-portfolio/src/app/essencial/psicologo/data.ts[0m
    [2;3mat[0m crates/biome_service/src/workspace/server.rs:1809 [2;3mon[0m biome::workspace_worker_9
    [2;3min[0m [1mpull_diagnostics[0m [2;3mwith[0m [1mrule_categories[0m: [Syntax], [1mpath[0m: /home/artu/Desktop/projects/showcases-portfolio/src/app/essencial/psicologo/data.ts, [1mproject_key[0m: ProjectKey(1), [1mskip[0m: [], [1monly[0m: []

  [2m2026-02-22T16:44:02.658497Z[0m [34mDEBUG[0m  [34mThe file has the following feature sets: {Format: Supported, Lint: Supported, Search: NotRequested, Assist: Supported, Debug: Supported, HtmlFullSupport: FileNotSupported}[0m
    [2;3mat[0m crates/biome_service/src/workspace.rs:246 [2;3mon[0m biome::workspace_worker_5

  [2m2026-02-22T16:44:02.658391Z[0m [34mDEBUG[0m  [34mFormat output is different from input: false[0m
    [2;3mat[0m crates/biome_cli/src/runner/impls/process_file/format.rs:106 [2;3mon[0m biome::workspace_worker_12

  [2m2026-02-22T16:44:02.656517Z[0m [34mDEBUG[0m  [34mFormat output is different from input: false[0m
    [2;3mat[0m crates/biome_cli/src/runner/impls/process_file/format.rs:106 [2;3mon[0m biome::workspace_worker_17

  [2m2026-02-22T16:44:02.658589Z[0m [32m INFO[0m  [32mFix file summary result. Errors 0, skipped fixes 0, actions 0[0m
    [2;3mat[0m crates/biome_cli/src/runner/impls/process_file/lint_and_assist.rs:68 [2;3mon[0m biome::workspace_worker_8

  [2m2026-02-22T16:44:02.658622Z[0m [34mDEBUG[0m  [34mThe file has the following feature sets: {Format: Supported, Lint: Supported, Search: NotRequested, Assist: Supported, Debug: Supported, HtmlFullSupport: FileNotSupported}[0m
    [2;3mat[0m crates/biome_service/src/workspace.rs:246 [2;3mon[0m biome::workspace_worker_12

  [2m2026-02-22T16:44:02.658660Z[0m [34mDEBUG[0m  [34mThe file has the following feature sets: {Format: Supported, Lint: Supported, Search: NotRequested, Assist: Supported, Debug: Supported, HtmlFullSupport: FileNotSupported}[0m
    [2;3mat[0m crates/biome_service/src/workspace.rs:246 [2;3mon[0m biome::workspace_worker_17

  [2m2026-02-22T16:44:02.658609Z[0m [34mDEBUG[0m  [34mJsFormatOptions { indent_style: Tab, indent_width: 2, line_ending: Lf, line_width: 100, quote_style: Double, jsx_quote_style: Double, quote_properties: AsNeeded, trailing_commas: All, semicolons: AsNeeded, arrow_parentheses: Always, bracket_spacing: BracketSpacing(true), bracket_same_line: BracketSameLine(false), source_type: JsFileSource { language: TypeScript { definition_file: false }, variant: Standard, module_kind: Module, version: ES2022, embedding_kind: None }, attribute_position: Auto, expand: Auto, operator_linebreak: After, trailing_newline: TrailingNewline(true) }[0m
    [2;3mat[0m crates/biome_service/src/file_handlers/javascript.rs:1131 [2;3mon[0m biome::workspace_worker_9
    [2;3min[0m [1mformat_file[0m [2;3mwith[0m [1mpath[0m: /home/artu/Desktop/projects/showcases-portfolio/src/app/essencial/psicologo/data.ts

  [2m2026-02-22T16:44:02.659114Z[0m [32m INFO[0m  [32mFix file summary result. Errors 0, skipped fixes 0, actions 0[0m
    [2;3mat[0m crates/biome_cli/src/runner/impls/process_file/lint_and_assist.rs:68 [2;3mon[0m biome::workspace_worker_4

  [2m2026-02-22T16:44:02.659206Z[0m [32m INFO[0m  [32mPulled 0 diagnostic(s), skipped 0 diagnostic(s) from /home/artu/Desktop/projects/showcases-portfolio/src/app/essencial/manicure/data.ts[0m
    [2;3mat[0m crates/biome_service/src/workspace/server.rs:1809 [2;3mon[0m biome::workspace_worker_0
    [2;3min[0m [1mpull_diagnostics[0m [2;3mwith[0m [1mrule_categories[0m: [Syntax, Lint, Action], [1mpath[0m: /home/artu/Desktop/projects/showcases-portfolio/src/app/essencial/manicure/data.ts, [1mproject_key[0m: ProjectKey(1), [1mskip[0m: [], [1monly[0m: []

  [2m2026-02-22T16:44:02.659301Z[0m [32m INFO[0m  [32mPulled 0 diagnostic(s), skipped 0 diagnostic(s) from /home/artu/Desktop/projects/showcases-portfolio/src/app/essencial/manicure/data.ts[0m
    [2;3mat[0m crates/biome_service/src/workspace/server.rs:1809 [2;3mon[0m biome::workspace_worker_0
    [2;3min[0m [1mpull_diagnostics[0m [2;3mwith[0m [1mrule_categories[0m: [Syntax], [1mpath[0m: /home/artu/Desktop/projects/showcases-portfolio/src/app/essencial/manicure/data.ts, [1mproject_key[0m: ProjectKey(1), [1mskip[0m: [], [1monly[0m: []

  [2m2026-02-22T16:44:02.659380Z[0m [34mDEBUG[0m  [34mJsFormatOptions { indent_style: Tab, indent_width: 2, line_ending: Lf, line_width: 100, quote_style: Double, jsx_quote_style: Double, quote_properties: AsNeeded, trailing_commas: All, semicolons: AsNeeded, arrow_parentheses: Always, bracket_spacing: BracketSpacing(true), bracket_same_line: BracketSameLine(false), source_type: JsFileSource { language: TypeScript { definition_file: false }, variant: Standard, module_kind: Module, version: ES2022, embedding_kind: None }, attribute_position: Auto, expand: Auto, operator_linebreak: After, trailing_newline: TrailingNewline(true) }[0m
    [2;3mat[0m crates/biome_service/src/file_handlers/javascript.rs:1131 [2;3mon[0m biome::workspace_worker_0
    [2;3min[0m [1mformat_file[0m [2;3mwith[0m [1mpath[0m: /home/artu/Desktop/projects/showcases-portfolio/src/app/essencial/manicure/data.ts

  [2m2026-02-22T16:44:02.659667Z[0m [34mDEBUG[0m  [34mFormat output is different from input: false[0m
    [2;3mat[0m crates/biome_cli/src/runner/impls/process_file/format.rs:106 [2;3mon[0m biome::workspace_worker_0

  [2m2026-02-22T16:44:02.659707Z[0m [34mDEBUG[0m  [34mFormat output is different from input: false[0m
    [2;3mat[0m crates/biome_cli/src/runner/impls/process_file/format.rs:106 [2;3mon[0m biome::workspace_worker_9

  [2m2026-02-22T16:44:02.659756Z[0m [34mDEBUG[0m  [34mThe file has the following feature sets: {Format: Supported, Lint: Supported, Search: NotRequested, Assist: Supported, Debug: Supported, HtmlFullSupport: FileNotSupported}[0m
    [2;3mat[0m crates/biome_service/src/workspace.rs:246 [2;3mon[0m biome::workspace_worker_0

  [2m2026-02-22T16:44:02.659837Z[0m [32m INFO[0m  [32mPulled 3 diagnostic(s), skipped 0 diagnostic(s) from /home/artu/Desktop/projects/showcases-portfolio/src/app/essencial/manicure/components/client.tsx[0m
    [2;3mat[0m crates/biome_service/src/workspace/server.rs:1809 [2;3mon[0m biome::workspace_worker_2
    [2;3min[0m [1mpull_diagnostics[0m [2;3mwith[0m [1mrule_categories[0m: [Syntax, Lint, Action], [1mpath[0m: /home/artu/Desktop/projects/showcases-portfolio/src/app/essencial/manicure/components/client.tsx, [1mproject_key[0m: ProjectKey(1), [1mskip[0m: [], [1monly[0m: []

  [2m2026-02-22T16:44:02.659882Z[0m [32m INFO[0m  [32mPulled 0 diagnostic(s), skipped 0 diagnostic(s) from /home/artu/Desktop/projects/showcases-portfolio/src/app/page.tsx[0m
    [2;3mat[0m crates/biome_service/src/workspace/server.rs:1809 [2;3mon[0m biome::workspace_worker_8
    [2;3min[0m [1mpull_diagnostics[0m [2;3mwith[0m [1mrule_categories[0m: [Syntax, Lint, Action], [1mpath[0m: /home/artu/Desktop/projects/showcases-portfolio/src/app/page.tsx, [1mproject_key[0m: ProjectKey(1), [1mskip[0m: [], [1monly[0m: []

  [2m2026-02-22T16:44:02.659962Z[0m [32m INFO[0m  [32mPulled 0 diagnostic(s), skipped 0 diagnostic(s) from /home/artu/Desktop/projects/showcases-portfolio/src/app/page.tsx[0m
    [2;3mat[0m crates/biome_service/src/workspace/server.rs:1809 [2;3mon[0m biome::workspace_worker_8
    [2;3min[0m [1mpull_diagnostics[0m [2;3mwith[0m [1mrule_categories[0m: [Syntax], [1mpath[0m: /home/artu/Desktop/projects/showcases-portfolio/src/app/page.tsx, [1mproject_key[0m: ProjectKey(1), [1mskip[0m: [], [1monly[0m: []

  [2m2026-02-22T16:44:02.659965Z[0m [32m INFO[0m  [32mPulled 0 diagnostic(s), skipped 0 diagnostic(s) from /home/artu/Desktop/projects/showcases-portfolio/src/app/essencial/manicure/components/client.tsx[0m
    [2;3mat[0m crates/biome_service/src/workspace/server.rs:1809 [2;3mon[0m biome::workspace_worker_2
    [2;3min[0m [1mpull_diagnostics[0m [2;3mwith[0m [1mrule_categories[0m: [Syntax], [1mpath[0m: /home/artu/Desktop/projects/showcases-portfolio/src/app/essencial/manicure/components/client.tsx, [1mproject_key[0m: ProjectKey(1), [1mskip[0m: [], [1monly[0m: []

  [2m2026-02-22T16:44:02.660035Z[0m [34mDEBUG[0m  [34mJsFormatOptions { indent_style: Tab, indent_width: 2, line_ending: Lf, line_width: 100, quote_style: Double, jsx_quote_style: Double, quote_properties: AsNeeded, trailing_commas: All, semicolons: AsNeeded, arrow_parentheses: Always, bracket_spacing: BracketSpacing(true), bracket_same_line: BracketSameLine(false), source_type: JsFileSource { language: TypeScript { definition_file: false }, variant: Jsx, module_kind: Module, version: ES2022, embedding_kind: None }, attribute_position: Auto, expand: Auto, operator_linebreak: After, trailing_newline: TrailingNewline(true) }[0m
    [2;3mat[0m crates/biome_service/src/file_handlers/javascript.rs:1131 [2;3mon[0m biome::workspace_worker_8
    [2;3min[0m [1mformat_file[0m [2;3mwith[0m [1mpath[0m: /home/artu/Desktop/projects/showcases-portfolio/src/app/page.tsx

  [2m2026-02-22T16:44:02.660089Z[0m [34mDEBUG[0m  [34mJsFormatOptions { indent_style: Tab, indent_width: 2, line_ending: Lf, line_width: 100, quote_style: Double, jsx_quote_style: Double, quote_properties: AsNeeded, trailing_commas: All, semicolons: AsNeeded, arrow_parentheses: Always, bracket_spacing: BracketSpacing(true), bracket_same_line: BracketSameLine(false), source_type: JsFileSource { language: TypeScript { definition_file: false }, variant: Jsx, module_kind: Module, version: ES2022, embedding_kind: None }, attribute_position: Auto, expand: Auto, operator_linebreak: After, trailing_newline: TrailingNewline(true) }[0m
    [2;3mat[0m crates/biome_service/src/file_handlers/javascript.rs:1131 [2;3mon[0m biome::workspace_worker_2
    [2;3min[0m [1mformat_file[0m [2;3mwith[0m [1mpath[0m: /home/artu/Desktop/projects/showcases-portfolio/src/app/essencial/manicure/components/client.tsx

  [2m2026-02-22T16:44:02.660173Z[0m [34mDEBUG[0m  [34mFormat output is different from input: false[0m
    [2;3mat[0m crates/biome_cli/src/runner/impls/process_file/format.rs:106 [2;3mon[0m biome::workspace_worker_8

  [2m2026-02-22T16:44:02.660249Z[0m [34mDEBUG[0m  [34mThe file has the following feature sets: {Format: Supported, Lint: Supported, Search: NotRequested, Assist: Supported, Debug: Supported, HtmlFullSupport: FileNotSupported}[0m
    [2;3mat[0m crates/biome_service/src/workspace.rs:246 [2;3mon[0m biome::workspace_worker_8

  [2m2026-02-22T16:44:02.660410Z[0m [32m INFO[0m  [32mFix file summary result. Errors 0, skipped fixes 0, actions 0[0m
    [2;3mat[0m crates/biome_cli/src/runner/impls/process_file/lint_and_assist.rs:68 [2;3mon[0m biome::workspace_worker_12

  [2m2026-02-22T16:44:02.659849Z[0m [34mDEBUG[0m  [34mThe file has the following feature sets: {Format: Supported, Lint: Supported, Search: NotRequested, Assist: Supported, Debug: Supported, HtmlFullSupport: FileNotSupported}[0m
    [2;3mat[0m crates/biome_service/src/workspace.rs:246 [2;3mon[0m biome::workspace_worker_9

  [2m2026-02-22T16:44:02.660670Z[0m [32m INFO[0m  [32mFix file summary result. Errors 0, skipped fixes 0, actions 0[0m
    [2;3mat[0m crates/biome_cli/src/runner/impls/process_file/lint_and_assist.rs:68 [2;3mon[0m biome::workspace_worker_10

  [2m2026-02-22T16:44:02.660853Z[0m [32m INFO[0m  [32mFix file summary result. Errors 0, skipped fixes 0, actions 0[0m
    [2;3mat[0m crates/biome_cli/src/runner/impls/process_file/lint_and_assist.rs:68 [2;3mon[0m biome::workspace_worker_1

  [2m2026-02-22T16:44:02.660918Z[0m [32m INFO[0m  [32mPulled 4 diagnostic(s), skipped 0 diagnostic(s) from /home/artu/Desktop/projects/showcases-portfolio/src/app/essencial/psicologo/page.tsx[0m
    [2;3mat[0m crates/biome_service/src/workspace/server.rs:1809 [2;3mon[0m biome::workspace_worker_15
    [2;3min[0m [1mpull_diagnostics[0m [2;3mwith[0m [1mrule_categories[0m: [Syntax, Lint, Action], [1mpath[0m: /home/artu/Desktop/projects/showcases-portfolio/src/app/essencial/psicologo/page.tsx, [1mproject_key[0m: ProjectKey(1), [1mskip[0m: [], [1monly[0m: []

  [2m2026-02-22T16:44:02.661024Z[0m [32m INFO[0m  [32mPulled 0 diagnostic(s), skipped 0 diagnostic(s) from /home/artu/Desktop/projects/showcases-portfolio/src/app/essencial/psicologo/page.tsx[0m
    [2;3mat[0m crates/biome_service/src/workspace/server.rs:1809 [2;3mon[0m biome::workspace_worker_15
    [2;3min[0m [1mpull_diagnostics[0m [2;3mwith[0m [1mrule_categories[0m: [Syntax], [1mpath[0m: /home/artu/Desktop/projects/showcases-portfolio/src/app/essencial/psicologo/page.tsx, [1mproject_key[0m: ProjectKey(1), [1mskip[0m: [], [1monly[0m: []

  [2m2026-02-22T16:44:02.661128Z[0m [34mDEBUG[0m  [34mJsFormatOptions { indent_style: Tab, indent_width: 2, line_ending: Lf, line_width: 100, quote_style: Double, jsx_quote_style: Double, quote_properties: AsNeeded, trailing_commas: All, semicolons: AsNeeded, arrow_parentheses: Always, bracket_spacing: BracketSpacing(true), bracket_same_line: BracketSameLine(false), source_type: JsFileSource { language: TypeScript { definition_file: false }, variant: Jsx, module_kind: Module, version: ES2022, embedding_kind: None }, attribute_position: Auto, expand: Auto, operator_linebreak: After, trailing_newline: TrailingNewline(true) }[0m
    [2;3mat[0m crates/biome_service/src/file_handlers/javascript.rs:1131 [2;3mon[0m biome::workspace_worker_15
    [2;3min[0m [1mformat_file[0m [2;3mwith[0m [1mpath[0m: /home/artu/Desktop/projects/showcases-portfolio/src/app/essencial/psicologo/page.tsx

  [2m2026-02-22T16:44:02.661308Z[0m [34mDEBUG[0m  [34mFormat output is different from input: false[0m
    [2;3mat[0m crates/biome_cli/src/runner/impls/process_file/format.rs:106 [2;3mon[0m biome::workspace_worker_2

  [2m2026-02-22T16:44:02.661416Z[0m [34mDEBUG[0m  [34mThe file has the following feature sets: {Format: Supported, Lint: Supported, Search: NotRequested, Assist: Supported, Debug: Supported, HtmlFullSupport: FileNotSupported}[0m
    [2;3mat[0m crates/biome_service/src/workspace.rs:246 [2;3mon[0m biome::workspace_worker_2

  [2m2026-02-22T16:44:02.661538Z[0m [32m INFO[0m  [32mPulled 7 diagnostic(s), skipped 0 diagnostic(s) from /home/artu/Desktop/projects/showcases-portfolio/src/app/essencial/padaria/page.tsx[0m
    [2;3mat[0m crates/biome_service/src/workspace/server.rs:1809 [2;3mon[0m biome::workspace_worker_11
    [2;3min[0m [1mpull_diagnostics[0m [2;3mwith[0m [1mrule_categories[0m: [Syntax, Lint, Action], [1mpath[0m: /home/artu/Desktop/projects/showcases-portfolio/src/app/essencial/padaria/page.tsx, [1mproject_key[0m: ProjectKey(1), [1mskip[0m: [], [1monly[0m: []

  [2m2026-02-22T16:44:02.661642Z[0m [32m INFO[0m  [32mPulled 0 diagnostic(s), skipped 0 diagnostic(s) from /home/artu/Desktop/projects/showcases-portfolio/src/app/essencial/padaria/page.tsx[0m
    [2;3mat[0m crates/biome_service/src/workspace/server.rs:1809 [2;3mon[0m biome::workspace_worker_11
    [2;3min[0m [1mpull_diagnostics[0m [2;3mwith[0m [1mrule_categories[0m: [Syntax], [1mpath[0m: /home/artu/Desktop/projects/showcases-portfolio/src/app/essencial/padaria/page.tsx, [1mproject_key[0m: ProjectKey(1), [1mskip[0m: [], [1monly[0m: []

  [2m2026-02-22T16:44:02.658396Z[0m [32m INFO[0m  [32mPulled 0 diagnostic(s), skipped 0 diagnostic(s) from /home/artu/Desktop/projects/showcases-portfolio/src/app/essencial/manicure/layout.tsx[0m
    [2;3mat[0m crates/biome_service/src/workspace/server.rs:1809 [2;3mon[0m biome::workspace_worker_3
    [2;3min[0m [1mpull_diagnostics[0m [2;3mwith[0m [1mrule_categories[0m: [Syntax, Lint, Action], [1mpath[0m: /home/artu/Desktop/projects/showcases-portfolio/src/app/essencial/manicure/layout.tsx, [1mproject_key[0m: ProjectKey(1), [1mskip[0m: [], [1monly[0m: []

  [2m2026-02-22T16:44:02.661669Z[0m [32m INFO[0m  [32mFix file summary result. Errors 0, skipped fixes 0, actions 0[0m
    [2;3mat[0m crates/biome_cli/src/runner/impls/process_file/lint_and_assist.rs:68 [2;3mon[0m biome::workspace_worker_8

  [2m2026-02-22T16:44:02.661738Z[0m [32m INFO[0m  [32mPulled 0 diagnostic(s), skipped 0 diagnostic(s) from /home/artu/Desktop/projects/showcases-portfolio/src/app/essencial/manicure/layout.tsx[0m
    [2;3mat[0m crates/biome_service/src/workspace/server.rs:1809 [2;3mon[0m biome::workspace_worker_3
    [2;3min[0m [1mpull_diagnostics[0m [2;3mwith[0m [1mrule_categories[0m: [Syntax], [1mpath[0m: /home/artu/Desktop/projects/showcases-portfolio/src/app/essencial/manicure/layout.tsx, [1mproject_key[0m: ProjectKey(1), [1mskip[0m: [], [1monly[0m: []

  [2m2026-02-22T16:44:02.661732Z[0m [34mDEBUG[0m  [34mJsFormatOptions { indent_style: Tab, indent_width: 2, line_ending: Lf, line_width: 100, quote_style: Double, jsx_quote_style: Double, quote_properties: AsNeeded, trailing_commas: All, semicolons: AsNeeded, arrow_parentheses: Always, bracket_spacing: BracketSpacing(true), bracket_same_line: BracketSameLine(false), source_type: JsFileSource { language: TypeScript { definition_file: false }, variant: Jsx, module_kind: Module, version: ES2022, embedding_kind: None }, attribute_position: Auto, expand: Auto, operator_linebreak: After, trailing_newline: TrailingNewline(true) }[0m
    [2;3mat[0m crates/biome_service/src/file_handlers/javascript.rs:1131 [2;3mon[0m biome::workspace_worker_11
    [2;3min[0m [1mformat_file[0m [2;3mwith[0m [1mpath[0m: /home/artu/Desktop/projects/showcases-portfolio/src/app/essencial/padaria/page.tsx

  [2m2026-02-22T16:44:02.661762Z[0m [32m INFO[0m  [32mPulled 0 diagnostic(s), skipped 0 diagnostic(s) from /home/artu/Desktop/projects/showcases-portfolio/src/app/premium/cafeteria/data.ts[0m
    [2;3mat[0m crates/biome_service/src/workspace/server.rs:1809 [2;3mon[0m biome::workspace_worker_12
    [2;3min[0m [1mpull_diagnostics[0m [2;3mwith[0m [1mrule_categories[0m: [Syntax, Lint, Action], [1mpath[0m: /home/artu/Desktop/projects/showcases-portfolio/src/app/premium/cafeteria/data.ts, [1mproject_key[0m: ProjectKey(1), [1mskip[0m: [], [1monly[0m: []

  [2m2026-02-22T16:44:02.661814Z[0m [32m INFO[0m  [32mPulled 0 diagnostic(s), skipped 0 diagnostic(s) from /home/artu/Desktop/projects/showcases-portfolio/src/app/premium/cafeteria/data.ts[0m
    [2;3mat[0m crates/biome_service/src/workspace/server.rs:1809 [2;3mon[0m biome::workspace_worker_12
    [2;3min[0m [1mpull_diagnostics[0m [2;3mwith[0m [1mrule_categories[0m: [Syntax], [1mpath[0m: /home/artu/Desktop/projects/showcases-portfolio/src/app/premium/cafeteria/data.ts, [1mproject_key[0m: ProjectKey(1), [1mskip[0m: [], [1monly[0m: []

  [2m2026-02-22T16:44:02.661811Z[0m [34mDEBUG[0m  [34mJsFormatOptions { indent_style: Tab, indent_width: 2, line_ending: Lf, line_width: 100, quote_style: Double, jsx_quote_style: Double, quote_properties: AsNeeded, trailing_commas: All, semicolons: AsNeeded, arrow_parentheses: Always, bracket_spacing: BracketSpacing(true), bracket_same_line: BracketSameLine(false), source_type: JsFileSource { language: TypeScript { definition_file: false }, variant: Jsx, module_kind: Module, version: ES2022, embedding_kind: None }, attribute_position: Auto, expand: Auto, operator_linebreak: After, trailing_newline: TrailingNewline(true) }[0m
    [2;3mat[0m crates/biome_service/src/file_handlers/javascript.rs:1131 [2;3mon[0m biome::workspace_worker_3
    [2;3min[0m [1mformat_file[0m [2;3mwith[0m [1mpath[0m: /home/artu/Desktop/projects/showcases-portfolio/src/app/essencial/manicure/layout.tsx

  [2m2026-02-22T16:44:02.661872Z[0m [34mDEBUG[0m  [34mJsFormatOptions { indent_style: Tab, indent_width: 2, line_ending: Lf, line_width: 100, quote_style: Double, jsx_quote_style: Double, quote_properties: AsNeeded, trailing_commas: All, semicolons: AsNeeded, arrow_parentheses: Always, bracket_spacing: BracketSpacing(true), bracket_same_line: BracketSameLine(false), source_type: JsFileSource { language: TypeScript { definition_file: false }, variant: Standard, module_kind: Module, version: ES2022, embedding_kind: None }, attribute_position: Auto, expand: Auto, operator_linebreak: After, trailing_newline: TrailingNewline(true) }[0m
    [2;3mat[0m crates/biome_service/src/file_handlers/javascript.rs:1131 [2;3mon[0m biome::workspace_worker_12
    [2;3min[0m [1mformat_file[0m [2;3mwith[0m [1mpath[0m: /home/artu/Desktop/projects/showcases-portfolio/src/app/premium/cafeteria/data.ts

  [2m2026-02-22T16:44:02.661973Z[0m [34mDEBUG[0m  [34mFormat output is different from input: false[0m
    [2;3mat[0m crates/biome_cli/src/runner/impls/process_file/format.rs:106 [2;3mon[0m biome::workspace_worker_3

  [2m2026-02-22T16:44:02.662066Z[0m [34mDEBUG[0m  [34mThe file has the following feature sets: {Format: Supported, Lint: Supported, Search: NotRequested, Assist: Supported, Debug: Supported, HtmlFullSupport: FileNotSupported}[0m
    [2;3mat[0m crates/biome_service/src/workspace.rs:246 [2;3mon[0m biome::workspace_worker_3

  [2m2026-02-22T16:44:02.662152Z[0m [34mDEBUG[0m  [34mFormat output is different from input: false[0m
    [2;3mat[0m crates/biome_cli/src/runner/impls/process_file/format.rs:106 [2;3mon[0m biome::workspace_worker_15

  [2m2026-02-22T16:44:02.662255Z[0m [34mDEBUG[0m  [34mThe file has the following feature sets: {Format: Supported, Lint: Supported, Search: NotRequested, Assist: Supported, Debug: Supported, HtmlFullSupport: FileNotSupported}[0m
    [2;3mat[0m crates/biome_service/src/workspace.rs:246 [2;3mon[0m biome::workspace_worker_15

  [2m2026-02-22T16:44:02.662802Z[0m [32m INFO[0m  [32mPulled 0 diagnostic(s), skipped 0 diagnostic(s) from /home/artu/Desktop/projects/showcases-portfolio/src/app/premium/dentista/components/icons.tsx[0m
    [2;3mat[0m crates/biome_service/src/workspace/server.rs:1809 [2;3mon[0m biome::workspace_worker_8
    [2;3min[0m [1mpull_diagnostics[0m [2;3mwith[0m [1mrule_categories[0m: [Syntax, Lint, Action], [1mpath[0m: /home/artu/Desktop/projects/showcases-portfolio/src/app/premium/dentista/components/icons.tsx, [1mproject_key[0m: ProjectKey(1), [1mskip[0m: [], [1monly[0m: []

  [2m2026-02-22T16:44:02.662995Z[0m [32m INFO[0m  [32mPulled 0 diagnostic(s), skipped 0 diagnostic(s) from /home/artu/Desktop/projects/showcases-portfolio/src/app/premium/dentista/components/icons.tsx[0m
    [2;3mat[0m crates/biome_service/src/workspace/server.rs:1809 [2;3mon[0m biome::workspace_worker_8
    [2;3min[0m [1mpull_diagnostics[0m [2;3mwith[0m [1mrule_categories[0m: [Syntax], [1mpath[0m: /home/artu/Desktop/projects/showcases-portfolio/src/app/premium/dentista/components/icons.tsx, [1mproject_key[0m: ProjectKey(1), [1mskip[0m: [], [1monly[0m: []

  [2m2026-02-22T16:44:02.663161Z[0m [34mDEBUG[0m  [34mFormat output is different from input: false[0m
    [2;3mat[0m crates/biome_cli/src/runner/impls/process_file/format.rs:106 [2;3mon[0m biome::workspace_worker_11

  [2m2026-02-22T16:44:02.663166Z[0m [34mDEBUG[0m  [34mJsFormatOptions { indent_style: Tab, indent_width: 2, line_ending: Lf, line_width: 100, quote_style: Double, jsx_quote_style: Double, quote_properties: AsNeeded, trailing_commas: All, semicolons: AsNeeded, arrow_parentheses: Always, bracket_spacing: BracketSpacing(true), bracket_same_line: BracketSameLine(false), source_type: JsFileSource { language: TypeScript { definition_file: false }, variant: Jsx, module_kind: Module, version: ES2022, embedding_kind: None }, attribute_position: Auto, expand: Auto, operator_linebreak: After, trailing_newline: TrailingNewline(true) }[0m
    [2;3mat[0m crates/biome_service/src/file_handlers/javascript.rs:1131 [2;3mon[0m biome::workspace_worker_8
    [2;3min[0m [1mformat_file[0m [2;3mwith[0m [1mpath[0m: /home/artu/Desktop/projects/showcases-portfolio/src/app/premium/dentista/components/icons.tsx

  [2m2026-02-22T16:44:02.663397Z[0m [34mDEBUG[0m  [34mThe file has the following feature sets: {Format: Supported, Lint: Supported, Search: NotRequested, Assist: Supported, Debug: Supported, HtmlFullSupport: FileNotSupported}[0m
    [2;3mat[0m crates/biome_service/src/workspace.rs:246 [2;3mon[0m biome::workspace_worker_11

  [2m2026-02-22T16:44:02.663419Z[0m [34mDEBUG[0m  [34mFormat output is different from input: false[0m
    [2;3mat[0m crates/biome_cli/src/runner/impls/process_file/format.rs:106 [2;3mon[0m biome::workspace_worker_8

  [2m2026-02-22T16:44:02.663482Z[0m [34mDEBUG[0m  [34mThe file has the following feature sets: {Format: Supported, Lint: Supported, Search: NotRequested, Assist: Supported, Debug: Supported, HtmlFullSupport: FileNotSupported}[0m
    [2;3mat[0m crates/biome_service/src/workspace.rs:246 [2;3mon[0m biome::workspace_worker_8

  [2m2026-02-22T16:44:02.663588Z[0m [32m INFO[0m  [32mFix file summary result. Errors 0, skipped fixes 0, actions 0[0m
    [2;3mat[0m crates/biome_cli/src/runner/impls/process_file/lint_and_assist.rs:68 [2;3mon[0m biome::workspace_worker_2

  [2m2026-02-22T16:44:02.664663Z[0m [32m INFO[0m  [32mFix file summary result. Errors 0, skipped fixes 0, actions 0[0m
    [2;3mat[0m crates/biome_cli/src/runner/impls/process_file/lint_and_assist.rs:68 [2;3mon[0m biome::workspace_worker_3

  [2m2026-02-22T16:44:02.665042Z[0m [32m INFO[0m  [32mFix file summary result. Errors 0, skipped fixes 0, actions 0[0m
    [2;3mat[0m crates/biome_cli/src/runner/impls/process_file/lint_and_assist.rs:68 [2;3mon[0m biome::workspace_worker_7

  [2m2026-02-22T16:44:02.665116Z[0m [32m INFO[0m  [32mFix file summary result. Errors 0, skipped fixes 0, actions 0[0m
    [2;3mat[0m crates/biome_cli/src/runner/impls/process_file/lint_and_assist.rs:68 [2;3mon[0m biome::workspace_worker_8

  [2m2026-02-22T16:44:02.665139Z[0m [32m INFO[0m  [32mPulled 0 diagnostic(s), skipped 0 diagnostic(s) from /home/artu/Desktop/projects/showcases-portfolio/src/app/premium/dentista/data.ts[0m
    [2;3mat[0m crates/biome_service/src/workspace/server.rs:1809 [2;3mon[0m biome::workspace_worker_2
    [2;3min[0m [1mpull_diagnostics[0m [2;3mwith[0m [1mrule_categories[0m: [Syntax, Lint, Action], [1mpath[0m: /home/artu/Desktop/projects/showcases-portfolio/src/app/premium/dentista/data.ts, [1mproject_key[0m: ProjectKey(1), [1mskip[0m: [], [1monly[0m: []

  [2m2026-02-22T16:44:02.665207Z[0m [32m INFO[0m  [32mPulled 0 diagnostic(s), skipped 0 diagnostic(s) from /home/artu/Desktop/projects/showcases-portfolio/src/app/premium/dentista/data.ts[0m
    [2;3mat[0m crates/biome_service/src/workspace/server.rs:1809 [2;3mon[0m biome::workspace_worker_2
    [2;3min[0m [1mpull_diagnostics[0m [2;3mwith[0m [1mrule_categories[0m: [Syntax], [1mpath[0m: /home/artu/Desktop/projects/showcases-portfolio/src/app/premium/dentista/data.ts, [1mproject_key[0m: ProjectKey(1), [1mskip[0m: [], [1monly[0m: []

  [2m2026-02-22T16:44:02.665277Z[0m [34mDEBUG[0m  [34mJsFormatOptions { indent_style: Tab, indent_width: 2, line_ending: Lf, line_width: 100, quote_style: Double, jsx_quote_style: Double, quote_properties: AsNeeded, trailing_commas: All, semicolons: AsNeeded, arrow_parentheses: Always, bracket_spacing: BracketSpacing(true), bracket_same_line: BracketSameLine(false), source_type: JsFileSource { language: TypeScript { definition_file: false }, variant: Standard, module_kind: Module, version: ES2022, embedding_kind: None }, attribute_position: Auto, expand: Auto, operator_linebreak: After, trailing_newline: TrailingNewline(true) }[0m
    [2;3mat[0m crates/biome_service/src/file_handlers/javascript.rs:1131 [2;3mon[0m biome::workspace_worker_2
    [2;3min[0m [1mformat_file[0m [2;3mwith[0m [1mpath[0m: /home/artu/Desktop/projects/showcases-portfolio/src/app/premium/dentista/data.ts

  [2m2026-02-22T16:44:02.661643Z[0m [32m INFO[0m  [32mFix file summary result. Errors 0, skipped fixes 0, actions 0[0m
    [2;3mat[0m crates/biome_cli/src/runner/impls/process_file/lint_and_assist.rs:68 [2;3mon[0m biome::workspace_worker_17

  [2m2026-02-22T16:44:02.665500Z[0m [32m INFO[0m  [32mFix file summary result. Errors 0, skipped fixes 0, actions 0[0m
    [2;3mat[0m crates/biome_cli/src/runner/impls/process_file/lint_and_assist.rs:68 [2;3mon[0m biome::workspace_worker_13

  [2m2026-02-22T16:44:02.665546Z[0m [34mDEBUG[0m  [34mFormat output is different from input: false[0m
    [2;3mat[0m crates/biome_cli/src/runner/impls/process_file/format.rs:106 [2;3mon[0m biome::workspace_worker_2

  [2m2026-02-22T16:44:02.665653Z[0m [34mDEBUG[0m  [34mThe file has the following feature sets: {Format: Supported, Lint: Supported, Search: NotRequested, Assist: Supported, Debug: Supported, HtmlFullSupport: FileNotSupported}[0m
    [2;3mat[0m crates/biome_service/src/workspace.rs:246 [2;3mon[0m biome::workspace_worker_2

  [2m2026-02-22T16:44:02.666014Z[0m [32m INFO[0m  [32mPulled 0 diagnostic(s), skipped 0 diagnostic(s) from /home/artu/Desktop/projects/showcases-portfolio/src/hooks/use-mobile.ts[0m
    [2;3mat[0m crates/biome_service/src/workspace/server.rs:1809 [2;3mon[0m biome::workspace_worker_1
    [2;3min[0m [1mpull_diagnostics[0m [2;3mwith[0m [1mrule_categories[0m: [Syntax, Lint, Action], [1mpath[0m: /home/artu/Desktop/projects/showcases-portfolio/src/hooks/use-mobile.ts, [1mproject_key[0m: ProjectKey(1), [1mskip[0m: [], [1monly[0m: []

  [2m2026-02-22T16:44:02.666146Z[0m [32m INFO[0m  [32mPulled 0 diagnostic(s), skipped 0 diagnostic(s) from /home/artu/Desktop/projects/showcases-portfolio/src/hooks/use-mobile.ts[0m
    [2;3mat[0m crates/biome_service/src/workspace/server.rs:1809 [2;3mon[0m biome::workspace_worker_1
    [2;3min[0m [1mpull_diagnostics[0m [2;3mwith[0m [1mrule_categories[0m: [Syntax], [1mpath[0m: /home/artu/Desktop/projects/showcases-portfolio/src/hooks/use-mobile.ts, [1mproject_key[0m: ProjectKey(1), [1mskip[0m: [], [1monly[0m: []

  [2m2026-02-22T16:44:02.665525Z[0m [32m INFO[0m  [32mPulled 8 diagnostic(s), skipped 0 diagnostic(s) from /home/artu/Desktop/projects/showcases-portfolio/src/app/essencial/manicure/page.tsx[0m
    [2;3mat[0m crates/biome_service/src/workspace/server.rs:1809 [2;3mon[0m biome::workspace_worker_4
    [2;3min[0m [1mpull_diagnostics[0m [2;3mwith[0m [1mrule_categories[0m: [Syntax, Lint, Action], [1mpath[0m: /home/artu/Desktop/projects/showcases-portfolio/src/app/essencial/manicure/page.tsx, [1mproject_key[0m: ProjectKey(1), [1mskip[0m: [], [1monly[0m: []

  [2m2026-02-22T16:44:02.666246Z[0m [34mDEBUG[0m  [34mJsFormatOptions { indent_style: Tab, indent_width: 2, line_ending: Lf, line_width: 100, quote_style: Double, jsx_quote_style: Double, quote_properties: AsNeeded, trailing_commas: All, semicolons: AsNeeded, arrow_parentheses: Always, bracket_spacing: BracketSpacing(true), bracket_same_line: BracketSameLine(false), source_type: JsFileSource { language: TypeScript { definition_file: false }, variant: Standard, module_kind: Module, version: ES2022, embedding_kind: None }, attribute_position: Auto, expand: Auto, operator_linebreak: After, trailing_newline: TrailingNewline(true) }[0m
    [2;3mat[0m crates/biome_service/src/file_handlers/javascript.rs:1131 [2;3mon[0m biome::workspace_worker_1
    [2;3min[0m [1mformat_file[0m [2;3mwith[0m [1mpath[0m: /home/artu/Desktop/projects/showcases-portfolio/src/hooks/use-mobile.ts

  [2m2026-02-22T16:44:02.666315Z[0m [32m INFO[0m  [32mPulled 0 diagnostic(s), skipped 0 diagnostic(s) from /home/artu/Desktop/projects/showcases-portfolio/src/app/essencial/manicure/page.tsx[0m
    [2;3mat[0m crates/biome_service/src/workspace/server.rs:1809 [2;3mon[0m biome::workspace_worker_4
    [2;3min[0m [1mpull_diagnostics[0m [2;3mwith[0m [1mrule_categories[0m: [Syntax], [1mpath[0m: /home/artu/Desktop/projects/showcases-portfolio/src/app/essencial/manicure/page.tsx, [1mproject_key[0m: ProjectKey(1), [1mskip[0m: [], [1monly[0m: []

  [2m2026-02-22T16:44:02.666394Z[0m [34mDEBUG[0m  [34mJsFormatOptions { indent_style: Tab, indent_width: 2, line_ending: Lf, line_width: 100, quote_style: Double, jsx_quote_style: Double, quote_properties: AsNeeded, trailing_commas: All, semicolons: AsNeeded, arrow_parentheses: Always, bracket_spacing: BracketSpacing(true), bracket_same_line: BracketSameLine(false), source_type: JsFileSource { language: TypeScript { definition_file: false }, variant: Jsx, module_kind: Module, version: ES2022, embedding_kind: None }, attribute_position: Auto, expand: Auto, operator_linebreak: After, trailing_newline: TrailingNewline(true) }[0m
    [2;3mat[0m crates/biome_service/src/file_handlers/javascript.rs:1131 [2;3mon[0m biome::workspace_worker_4
    [2;3min[0m [1mformat_file[0m [2;3mwith[0m [1mpath[0m: /home/artu/Desktop/projects/showcases-portfolio/src/app/essencial/manicure/page.tsx

  [2m2026-02-22T16:44:02.666456Z[0m [32m INFO[0m  [32mPulled 0 diagnostic(s), skipped 0 diagnostic(s) from /home/artu/Desktop/projects/showcases-portfolio/src/app/premium/fotografo/data.ts[0m
    [2;3mat[0m crates/biome_service/src/workspace/server.rs:1809 [2;3mon[0m biome::workspace_worker_8
    [2;3min[0m [1mpull_diagnostics[0m [2;3mwith[0m [1mrule_categories[0m: [Syntax, Lint, Action], [1mpath[0m: /home/artu/Desktop/projects/showcases-portfolio/src/app/premium/fotografo/data.ts, [1mproject_key[0m: ProjectKey(1), [1mskip[0m: [], [1monly[0m: []

  [2m2026-02-22T16:44:02.666530Z[0m [32m INFO[0m  [32mPulled 0 diagnostic(s), skipped 0 diagnostic(s) from /home/artu/Desktop/projects/showcases-portfolio/src/app/premium/fotografo/data.ts[0m
    [2;3mat[0m crates/biome_service/src/workspace/server.rs:1809 [2;3mon[0m biome::workspace_worker_8
    [2;3min[0m [1mpull_diagnostics[0m [2;3mwith[0m [1mrule_categories[0m: [Syntax], [1mpath[0m: /home/artu/Desktop/projects/showcases-portfolio/src/app/premium/fotografo/data.ts, [1mproject_key[0m: ProjectKey(1), [1mskip[0m: [], [1monly[0m: []

  [2m2026-02-22T16:44:02.666602Z[0m [34mDEBUG[0m  [34mJsFormatOptions { indent_style: Tab, indent_width: 2, line_ending: Lf, line_width: 100, quote_style: Double, jsx_quote_style: Double, quote_properties: AsNeeded, trailing_commas: All, semicolons: AsNeeded, arrow_parentheses: Always, bracket_spacing: BracketSpacing(true), bracket_same_line: BracketSameLine(false), source_type: JsFileSource { language: TypeScript { definition_file: false }, variant: Standard, module_kind: Module, version: ES2022, embedding_kind: None }, attribute_position: Auto, expand: Auto, operator_linebreak: After, trailing_newline: TrailingNewline(true) }[0m
    [2;3mat[0m crates/biome_service/src/file_handlers/javascript.rs:1131 [2;3mon[0m biome::workspace_worker_8
    [2;3min[0m [1mformat_file[0m [2;3mwith[0m [1mpath[0m: /home/artu/Desktop/projects/showcases-portfolio/src/app/premium/fotografo/data.ts

  [2m2026-02-22T16:44:02.666623Z[0m [34mDEBUG[0m  [34mFormat output is different from input: false[0m
    [2;3mat[0m crates/biome_cli/src/runner/impls/process_file/format.rs:106 [2;3mon[0m biome::workspace_worker_1

  [2m2026-02-22T16:44:02.666705Z[0m [32m INFO[0m  [32mPulled 0 diagnostic(s), skipped 0 diagnostic(s) from /home/artu/Desktop/projects/showcases-portfolio/src/app/layout.tsx[0m
    [2;3mat[0m crates/biome_service/src/workspace/server.rs:1809 [2;3mon[0m biome::workspace_worker_7
    [2;3min[0m [1mpull_diagnostics[0m [2;3mwith[0m [1mrule_categories[0m: [Syntax, Lint, Action], [1mpath[0m: /home/artu/Desktop/projects/showcases-portfolio/src/app/layout.tsx, [1mproject_key[0m: ProjectKey(1), [1mskip[0m: [], [1monly[0m: []

  [2m2026-02-22T16:44:02.663258Z[0m [32m INFO[0m  [32mPulled 5 diagnostic(s), skipped 0 diagnostic(s) from /home/artu/Desktop/projects/showcases-portfolio/src/app/essencial/padaria/components/client.tsx[0m
    [2;3mat[0m crates/biome_service/src/workspace/server.rs:1809 [2;3mon[0m biome::workspace_worker_6
    [2;3min[0m [1mpull_diagnostics[0m [2;3mwith[0m [1mrule_categories[0m: [Syntax, Lint, Action], [1mpath[0m: /home/artu/Desktop/projects/showcases-portfolio/src/app/essencial/padaria/components/client.tsx, [1mproject_key[0m: ProjectKey(1), [1mskip[0m: [], [1monly[0m: []

  [2m2026-02-22T16:44:02.666769Z[0m [32m INFO[0m  [32mPulled 0 diagnostic(s), skipped 0 diagnostic(s) from /home/artu/Desktop/projects/showcases-portfolio/src/app/layout.tsx[0m
    [2;3mat[0m crates/biome_service/src/workspace/server.rs:1809 [2;3mon[0m biome::workspace_worker_7
    [2;3min[0m [1mpull_diagnostics[0m [2;3mwith[0m [1mrule_categories[0m: [Syntax], [1mpath[0m: /home/artu/Desktop/projects/showcases-portfolio/src/app/layout.tsx, [1mproject_key[0m: ProjectKey(1), [1mskip[0m: [], [1monly[0m: []

  [2m2026-02-22T16:44:02.666819Z[0m [32m INFO[0m  [32mPulled 0 diagnostic(s), skipped 0 diagnostic(s) from /home/artu/Desktop/projects/showcases-portfolio/src/app/essencial/padaria/components/client.tsx[0m
    [2;3mat[0m crates/biome_service/src/workspace/server.rs:1809 [2;3mon[0m biome::workspace_worker_6
    [2;3min[0m [1mpull_diagnostics[0m [2;3mwith[0m [1mrule_categories[0m: [Syntax], [1mpath[0m: /home/artu/Desktop/projects/showcases-portfolio/src/app/essencial/padaria/components/client.tsx, [1mproject_key[0m: ProjectKey(1), [1mskip[0m: [], [1monly[0m: []

  [2m2026-02-22T16:44:02.666824Z[0m [34mDEBUG[0m  [34mJsFormatOptions { indent_style: Tab, indent_width: 2, line_ending: Lf, line_width: 100, quote_style: Double, jsx_quote_style: Double, quote_properties: AsNeeded, trailing_commas: All, semicolons: AsNeeded, arrow_parentheses: Always, bracket_spacing: BracketSpacing(true), bracket_same_line: BracketSameLine(false), source_type: JsFileSource { language: TypeScript { definition_file: false }, variant: Jsx, module_kind: Module, version: ES2022, embedding_kind: None }, attribute_position: Auto, expand: Auto, operator_linebreak: After, trailing_newline: TrailingNewline(true) }[0m
    [2;3mat[0m crates/biome_service/src/file_handlers/javascript.rs:1131 [2;3mon[0m biome::workspace_worker_7
    [2;3min[0m [1mformat_file[0m [2;3mwith[0m [1mpath[0m: /home/artu/Desktop/projects/showcases-portfolio/src/app/layout.tsx

  [2m2026-02-22T16:44:02.666877Z[0m [34mDEBUG[0m  [34mJsFormatOptions { indent_style: Tab, indent_width: 2, line_ending: Lf, line_width: 100, quote_style: Double, jsx_quote_style: Double, quote_properties: AsNeeded, trailing_commas: All, semicolons: AsNeeded, arrow_parentheses: Always, bracket_spacing: BracketSpacing(true), bracket_same_line: BracketSameLine(false), source_type: JsFileSource { language: TypeScript { definition_file: false }, variant: Jsx, module_kind: Module, version: ES2022, embedding_kind: None }, attribute_position: Auto, expand: Auto, operator_linebreak: After, trailing_newline: TrailingNewline(true) }[0m
    [2;3mat[0m crates/biome_service/src/file_handlers/javascript.rs:1131 [2;3mon[0m biome::workspace_worker_6
    [2;3min[0m [1mformat_file[0m [2;3mwith[0m [1mpath[0m: /home/artu/Desktop/projects/showcases-portfolio/src/app/essencial/padaria/components/client.tsx

  [2m2026-02-22T16:44:02.664843Z[0m [34mDEBUG[0m  [34mFormat output is different from input: false[0m
    [2;3mat[0m crates/biome_cli/src/runner/impls/process_file/format.rs:106 [2;3mon[0m biome::workspace_worker_12

  [2m2026-02-22T16:44:02.667227Z[0m [34mDEBUG[0m  [34mThe file has the following feature sets: {Format: Supported, Lint: Supported, Search: NotRequested, Assist: Supported, Debug: Supported, HtmlFullSupport: FileNotSupported}[0m
    [2;3mat[0m crates/biome_service/src/workspace.rs:246 [2;3mon[0m biome::workspace_worker_12

  [2m2026-02-22T16:44:02.667712Z[0m [32m INFO[0m  [32mPulled 0 diagnostic(s), skipped 0 diagnostic(s) from /home/artu/Desktop/projects/showcases-portfolio/src/app/premium/cafeteria/layout.tsx[0m
    [2;3mat[0m crates/biome_service/src/workspace/server.rs:1809 [2;3mon[0m biome::workspace_worker_17
    [2;3min[0m [1mpull_diagnostics[0m [2;3mwith[0m [1mrule_categories[0m: [Syntax, Lint, Action], [1mpath[0m: /home/artu/Desktop/projects/showcases-portfolio/src/app/premium/cafeteria/layout.tsx, [1mproject_key[0m: ProjectKey(1), [1mskip[0m: [], [1monly[0m: []

  [2m2026-02-22T16:44:02.667805Z[0m [32m INFO[0m  [32mPulled 0 diagnostic(s), skipped 0 diagnostic(s) from /home/artu/Desktop/projects/showcases-portfolio/src/app/premium/cafeteria/layout.tsx[0m
    [2;3mat[0m crates/biome_service/src/workspace/server.rs:1809 [2;3mon[0m biome::workspace_worker_17
    [2;3min[0m [1mpull_diagnostics[0m [2;3mwith[0m [1mrule_categories[0m: [Syntax], [1mpath[0m: /home/artu/Desktop/projects/showcases-portfolio/src/app/premium/cafeteria/layout.tsx, [1mproject_key[0m: ProjectKey(1), [1mskip[0m: [], [1monly[0m: []

  [2m2026-02-22T16:44:02.667820Z[0m [34mDEBUG[0m  [34mFormat output is different from input: false[0m
    [2;3mat[0m crates/biome_cli/src/runner/impls/process_file/format.rs:106 [2;3mon[0m biome::workspace_worker_4

  [2m2026-02-22T16:44:02.667878Z[0m [34mDEBUG[0m  [34mJsFormatOptions { indent_style: Tab, indent_width: 2, line_ending: Lf, line_width: 100, quote_style: Double, jsx_quote_style: Double, quote_properties: AsNeeded, trailing_commas: All, semicolons: AsNeeded, arrow_parentheses: Always, bracket_spacing: BracketSpacing(true), bracket_same_line: BracketSameLine(false), source_type: JsFileSource { language: TypeScript { definition_file: false }, variant: Jsx, module_kind: Module, version: ES2022, embedding_kind: None }, attribute_position: Auto, expand: Auto, operator_linebreak: After, trailing_newline: TrailingNewline(true) }[0m
    [2;3mat[0m crates/biome_service/src/file_handlers/javascript.rs:1131 [2;3mon[0m biome::workspace_worker_17
    [2;3min[0m [1mformat_file[0m [2;3mwith[0m [1mpath[0m: /home/artu/Desktop/projects/showcases-portfolio/src/app/premium/cafeteria/layout.tsx

  [2m2026-02-22T16:44:02.667905Z[0m [34mDEBUG[0m  [34mThe file has the following feature sets: {Format: Supported, Lint: Supported, Search: NotRequested, Assist: Supported, Debug: Supported, HtmlFullSupport: FileNotSupported}[0m
    [2;3mat[0m crates/biome_service/src/workspace.rs:246 [2;3mon[0m biome::workspace_worker_4

  [2m2026-02-22T16:44:02.668060Z[0m [34mDEBUG[0m  [34mFormat output is different from input: false[0m
    [2;3mat[0m crates/biome_cli/src/runner/impls/process_file/format.rs:106 [2;3mon[0m biome::workspace_worker_6

  [2m2026-02-22T16:44:02.668154Z[0m [34mDEBUG[0m  [34mThe file has the following feature sets: {Format: Supported, Lint: Supported, Search: NotRequested, Assist: Supported, Debug: Supported, HtmlFullSupport: FileNotSupported}[0m
    [2;3mat[0m crates/biome_service/src/workspace.rs:246 [2;3mon[0m biome::workspace_worker_6

  [2m2026-02-22T16:44:02.668212Z[0m [34mDEBUG[0m  [34mFormat output is different from input: false[0m
    [2;3mat[0m crates/biome_cli/src/runner/impls/process_file/format.rs:106 [2;3mon[0m biome::workspace_worker_17

  [2m2026-02-22T16:44:02.668211Z[0m [34mDEBUG[0m  [34mFormat output is different from input: false[0m
    [2;3mat[0m crates/biome_cli/src/runner/impls/process_file/format.rs:106 [2;3mon[0m biome::workspace_worker_8

  [2m2026-02-22T16:44:02.668301Z[0m [34mDEBUG[0m  [34mThe file has the following feature sets: {Format: Supported, Lint: Supported, Search: NotRequested, Assist: Supported, Debug: Supported, HtmlFullSupport: FileNotSupported}[0m
    [2;3mat[0m crates/biome_service/src/workspace.rs:246 [2;3mon[0m biome::workspace_worker_17

  [2m2026-02-22T16:44:02.668329Z[0m [34mDEBUG[0m  [34mThe file has the following feature sets: {Format: Supported, Lint: Supported, Search: NotRequested, Assist: Supported, Debug: Supported, HtmlFullSupport: FileNotSupported}[0m
    [2;3mat[0m crates/biome_service/src/workspace.rs:246 [2;3mon[0m biome::workspace_worker_8

  [2m2026-02-22T16:44:02.668456Z[0m [32m INFO[0m  [32mFix file summary result. Errors 0, skipped fixes 0, actions 0[0m
    [2;3mat[0m crates/biome_cli/src/runner/impls/process_file/lint_and_assist.rs:68 [2;3mon[0m biome::workspace_worker_2

  [2m2026-02-22T16:44:02.664774Z[0m [32m INFO[0m  [32mFix file summary result. Errors 0, skipped fixes 0, actions 0[0m
    [2;3mat[0m crates/biome_cli/src/runner/impls/process_file/lint_and_assist.rs:68 [2;3mon[0m biome::workspace_worker_0

  [2m2026-02-22T16:44:02.666150Z[0m [32m INFO[0m  [32mPulled 3 diagnostic(s), skipped 0 diagnostic(s) from /home/artu/Desktop/projects/showcases-portfolio/src/app/essencial/psicologo/components/client.tsx[0m
    [2;3mat[0m crates/biome_service/src/workspace/server.rs:1809 [2;3mon[0m biome::workspace_worker_10
    [2;3min[0m [1mpull_diagnostics[0m [2;3mwith[0m [1mrule_categories[0m: [Syntax, Lint, Action], [1mpath[0m: /home/artu/Desktop/projects/showcases-portfolio/src/app/essencial/psicologo/components/client.tsx, [1mproject_key[0m: ProjectKey(1), [1mskip[0m: [], [1monly[0m: []

  [2m2026-02-22T16:44:02.669148Z[0m [32m INFO[0m  [32mFix file summary result. Errors 0, skipped fixes 0, actions 0[0m
    [2;3mat[0m crates/biome_cli/src/runner/impls/process_file/lint_and_assist.rs:68 [2;3mon[0m biome::workspace_worker_11

  [2m2026-02-22T16:44:02.669190Z[0m [32m INFO[0m  [32mPulled 0 diagnostic(s), skipped 0 diagnostic(s) from /home/artu/Desktop/projects/showcases-portfolio/src/app/essencial/psicologo/components/client.tsx[0m
    [2;3mat[0m crates/biome_service/src/workspace/server.rs:1809 [2;3mon[0m biome::workspace_worker_10
    [2;3min[0m [1mpull_diagnostics[0m [2;3mwith[0m [1mrule_categories[0m: [Syntax], [1mpath[0m: /home/artu/Desktop/projects/showcases-portfolio/src/app/essencial/psicologo/components/client.tsx, [1mproject_key[0m: ProjectKey(1), [1mskip[0m: [], [1monly[0m: []

  [2m2026-02-22T16:44:02.669274Z[0m [34mDEBUG[0m  [34mJsFormatOptions { indent_style: Tab, indent_width: 2, line_ending: Lf, line_width: 100, quote_style: Double, jsx_quote_style: Double, quote_properties: AsNeeded, trailing_commas: All, semicolons: AsNeeded, arrow_parentheses: Always, bracket_spacing: BracketSpacing(true), bracket_same_line: BracketSameLine(false), source_type: JsFileSource { language: TypeScript { definition_file: false }, variant: Jsx, module_kind: Module, version: ES2022, embedding_kind: None }, attribute_position: Auto, expand: Auto, operator_linebreak: After, trailing_newline: TrailingNewline(true) }[0m
    [2;3mat[0m crates/biome_service/src/file_handlers/javascript.rs:1131 [2;3mon[0m biome::workspace_worker_10
    [2;3min[0m [1mformat_file[0m [2;3mwith[0m [1mpath[0m: /home/artu/Desktop/projects/showcases-portfolio/src/app/essencial/psicologo/components/client.tsx

  [2m2026-02-22T16:44:02.670009Z[0m [32m INFO[0m  [32mFix file summary result. Errors 0, skipped fixes 0, actions 0[0m
    [2;3mat[0m crates/biome_cli/src/runner/impls/process_file/lint_and_assist.rs:68 [2;3mon[0m biome::workspace_worker_6

  [2m2026-02-22T16:44:02.670027Z[0m [32m INFO[0m  [32mPulled 0 diagnostic(s), skipped 0 diagnostic(s) from /home/artu/Desktop/projects/showcases-portfolio/src/app/premium/dentista/layout.tsx[0m
    [2;3mat[0m crates/biome_service/src/workspace/server.rs:1809 [2;3mon[0m biome::workspace_worker_3
    [2;3min[0m [1mpull_diagnostics[0m [2;3mwith[0m [1mrule_categories[0m: [Syntax, Lint, Action], [1mpath[0m: /home/artu/Desktop/projects/showcases-portfolio/src/app/premium/dentista/layout.tsx, [1mproject_key[0m: ProjectKey(1), [1mskip[0m: [], [1monly[0m: []

  [2m2026-02-22T16:44:02.666711Z[0m [34mDEBUG[0m  [34mThe file has the following feature sets: {Format: Supported, Lint: Supported, Search: NotRequested, Assist: Supported, Debug: Supported, HtmlFullSupport: FileNotSupported}[0m
    [2;3mat[0m crates/biome_service/src/workspace.rs:246 [2;3mon[0m biome::workspace_worker_1

  [2m2026-02-22T16:44:02.670203Z[0m [32m INFO[0m  [32mPulled 0 diagnostic(s), skipped 0 diagnostic(s) from /home/artu/Desktop/projects/showcases-portfolio/src/app/premium/dentista/layout.tsx[0m
    [2;3mat[0m crates/biome_service/src/workspace/server.rs:1809 [2;3mon[0m biome::workspace_worker_3
    [2;3min[0m [1mpull_diagnostics[0m [2;3mwith[0m [1mrule_categories[0m: [Syntax], [1mpath[0m: /home/artu/Desktop/projects/showcases-portfolio/src/app/premium/dentista/layout.tsx, [1mproject_key[0m: ProjectKey(1), [1mskip[0m: [], [1monly[0m: []

  [2m2026-02-22T16:44:02.670218Z[0m [34mDEBUG[0m  [34mFormat output is different from input: false[0m
    [2;3mat[0m crates/biome_cli/src/runner/impls/process_file/format.rs:106 [2;3mon[0m biome::workspace_worker_7

  [2m2026-02-22T16:44:02.670273Z[0m [34mDEBUG[0m  [34mJsFormatOptions { indent_style: Tab, indent_width: 2, line_ending: Lf, line_width: 100, quote_style: Double, jsx_quote_style: Double, quote_properties: AsNeeded, trailing_commas: All, semicolons: AsNeeded, arrow_parentheses: Always, bracket_spacing: BracketSpacing(true), bracket_same_line: BracketSameLine(false), source_type: JsFileSource { language: TypeScript { definition_file: false }, variant: Jsx, module_kind: Module, version: ES2022, embedding_kind: None }, attribute_position: Auto, expand: Auto, operator_linebreak: After, trailing_newline: TrailingNewline(true) }[0m
    [2;3mat[0m crates/biome_service/src/file_handlers/javascript.rs:1131 [2;3mon[0m biome::workspace_worker_3
    [2;3min[0m [1mformat_file[0m [2;3mwith[0m [1mpath[0m: /home/artu/Desktop/projects/showcases-portfolio/src/app/premium/dentista/layout.tsx

  [2m2026-02-22T16:44:02.670337Z[0m [34mDEBUG[0m  [34mThe file has the following feature sets: {Format: Supported, Lint: Supported, Search: NotRequested, Assist: Supported, Debug: Supported, HtmlFullSupport: FileNotSupported}[0m
    [2;3mat[0m crates/biome_service/src/workspace.rs:246 [2;3mon[0m biome::workspace_worker_7

  [2m2026-02-22T16:44:02.670434Z[0m [34mDEBUG[0m  [34mFormat output is different from input: false[0m
    [2;3mat[0m crates/biome_cli/src/runner/impls/process_file/format.rs:106 [2;3mon[0m biome::workspace_worker_3

  [2m2026-02-22T16:44:02.670512Z[0m [34mDEBUG[0m  [34mThe file has the following feature sets: {Format: Supported, Lint: Supported, Search: NotRequested, Assist: Supported, Debug: Supported, HtmlFullSupport: FileNotSupported}[0m
    [2;3mat[0m crates/biome_service/src/workspace.rs:246 [2;3mon[0m biome::workspace_worker_3

  [2m2026-02-22T16:44:02.670543Z[0m [32m INFO[0m  [32mPulled 0 diagnostic(s), skipped 0 diagnostic(s) from /home/artu/Desktop/projects/showcases-portfolio/src/app/premium/fotografo/layout.tsx[0m
    [2;3mat[0m crates/biome_service/src/workspace/server.rs:1809 [2;3mon[0m biome::workspace_worker_2
    [2;3min[0m [1mpull_diagnostics[0m [2;3mwith[0m [1mrule_categories[0m: [Syntax, Lint, Action], [1mpath[0m: /home/artu/Desktop/projects/showcases-portfolio/src/app/premium/fotografo/layout.tsx, [1mproject_key[0m: ProjectKey(1), [1mskip[0m: [], [1monly[0m: []

  [2m2026-02-22T16:44:02.670687Z[0m [32m INFO[0m  [32mPulled 0 diagnostic(s), skipped 0 diagnostic(s) from /home/artu/Desktop/projects/showcases-portfolio/src/app/premium/fotografo/layout.tsx[0m
    [2;3mat[0m crates/biome_service/src/workspace/server.rs:1809 [2;3mon[0m biome::workspace_worker_2
    [2;3min[0m [1mpull_diagnostics[0m [2;3mwith[0m [1mrule_categories[0m: [Syntax], [1mpath[0m: /home/artu/Desktop/projects/showcases-portfolio/src/app/premium/fotografo/layout.tsx, [1mproject_key[0m: ProjectKey(1), [1mskip[0m: [], [1monly[0m: []

  [2m2026-02-22T16:44:02.670761Z[0m [34mDEBUG[0m  [34mJsFormatOptions { indent_style: Tab, indent_width: 2, line_ending: Lf, line_width: 100, quote_style: Double, jsx_quote_style: Double, quote_properties: AsNeeded, trailing_commas: All, semicolons: AsNeeded, arrow_parentheses: Always, bracket_spacing: BracketSpacing(true), bracket_same_line: BracketSameLine(false), source_type: JsFileSource { language: TypeScript { definition_file: false }, variant: Jsx, module_kind: Module, version: ES2022, embedding_kind: None }, attribute_position: Auto, expand: Auto, operator_linebreak: After, trailing_newline: TrailingNewline(true) }[0m
    [2;3mat[0m crates/biome_service/src/file_handlers/javascript.rs:1131 [2;3mon[0m biome::workspace_worker_2
    [2;3min[0m [1mformat_file[0m [2;3mwith[0m [1mpath[0m: /home/artu/Desktop/projects/showcases-portfolio/src/app/premium/fotografo/layout.tsx

  [2m2026-02-22T16:44:02.670943Z[0m [34mDEBUG[0m  [34mFormat output is different from input: false[0m
    [2;3mat[0m crates/biome_cli/src/runner/impls/process_file/format.rs:106 [2;3mon[0m biome::workspace_worker_2

  [2m2026-02-22T16:44:02.670958Z[0m [32m INFO[0m  [32mFix file summary result. Errors 0, skipped fixes 0, actions 0[0m
    [2;3mat[0m crates/biome_cli/src/runner/impls/process_file/lint_and_assist.rs:68 [2;3mon[0m biome::workspace_worker_15

  [2m2026-02-22T16:44:02.671035Z[0m [34mDEBUG[0m  [34mThe file has the following feature sets: {Format: Supported, Lint: Supported, Search: NotRequested, Assist: Supported, Debug: Supported, HtmlFullSupport: FileNotSupported}[0m
    [2;3mat[0m crates/biome_service/src/workspace.rs:246 [2;3mon[0m biome::workspace_worker_2

  [2m2026-02-22T16:44:02.671041Z[0m [34mDEBUG[0m  [34mFormat output is different from input: false[0m
    [2;3mat[0m crates/biome_cli/src/runner/impls/process_file/format.rs:106 [2;3mon[0m biome::workspace_worker_10

  [2m2026-02-22T16:44:02.671177Z[0m [34mDEBUG[0m  [34mThe file has the following feature sets: {Format: Supported, Lint: Supported, Search: NotRequested, Assist: Supported, Debug: Supported, HtmlFullSupport: FileNotSupported}[0m
    [2;3mat[0m crates/biome_service/src/workspace.rs:246 [2;3mon[0m biome::workspace_worker_10

  [2m2026-02-22T16:44:02.671450Z[0m [32m INFO[0m  [32mPulled 0 diagnostic(s), skipped 0 diagnostic(s) from /home/artu/Desktop/projects/showcases-portfolio/src/app/premium/nutricionista/data.ts[0m
    [2;3mat[0m crates/biome_service/src/workspace/server.rs:1809 [2;3mon[0m biome::workspace_worker_6
    [2;3min[0m [1mpull_diagnostics[0m [2;3mwith[0m [1mrule_categories[0m: [Syntax, Lint, Action], [1mpath[0m: /home/artu/Desktop/projects/showcases-portfolio/src/app/premium/nutricionista/data.ts, [1mproject_key[0m: ProjectKey(1), [1mskip[0m: [], [1monly[0m: []

  [2m2026-02-22T16:44:02.671542Z[0m [32m INFO[0m  [32mPulled 0 diagnostic(s), skipped 0 diagnostic(s) from /home/artu/Desktop/projects/showcases-portfolio/src/app/premium/nutricionista/data.ts[0m
    [2;3mat[0m crates/biome_service/src/workspace/server.rs:1809 [2;3mon[0m biome::workspace_worker_6
    [2;3min[0m [1mpull_diagnostics[0m [2;3mwith[0m [1mrule_categories[0m: [Syntax], [1mpath[0m: /home/artu/Desktop/projects/showcases-portfolio/src/app/premium/nutricionista/data.ts, [1mproject_key[0m: ProjectKey(1), [1mskip[0m: [], [1monly[0m: []

  [2m2026-02-22T16:44:02.671741Z[0m [34mDEBUG[0m  [34mJsFormatOptions { indent_style: Tab, indent_width: 2, line_ending: Lf, line_width: 100, quote_style: Double, jsx_quote_style: Double, quote_properties: AsNeeded, trailing_commas: All, semicolons: AsNeeded, arrow_parentheses: Always, bracket_spacing: BracketSpacing(true), bracket_same_line: BracketSameLine(false), source_type: JsFileSource { language: TypeScript { definition_file: false }, variant: Standard, module_kind: Module, version: ES2022, embedding_kind: None }, attribute_position: Auto, expand: Auto, operator_linebreak: After, trailing_newline: TrailingNewline(true) }[0m
    [2;3mat[0m crates/biome_service/src/file_handlers/javascript.rs:1131 [2;3mon[0m biome::workspace_worker_6
    [2;3min[0m [1mformat_file[0m [2;3mwith[0m [1mpath[0m: /home/artu/Desktop/projects/showcases-portfolio/src/app/premium/nutricionista/data.ts

  [2m2026-02-22T16:44:02.672031Z[0m [32m INFO[0m  [32mFix file summary result. Errors 0, skipped fixes 0, actions 0[0m
    [2;3mat[0m crates/biome_cli/src/runner/impls/process_file/lint_and_assist.rs:68 [2;3mon[0m biome::workspace_worker_3

  [2m2026-02-22T16:44:02.672067Z[0m [34mDEBUG[0m  [34mFormat output is different from input: false[0m
    [2;3mat[0m crates/biome_cli/src/runner/impls/process_file/format.rs:106 [2;3mon[0m biome::workspace_worker_6

  [2m2026-02-22T16:44:02.672439Z[0m [34mDEBUG[0m  [34mThe file has the following feature sets: {Format: Supported, Lint: Supported, Search: NotRequested, Assist: Supported, Debug: Supported, HtmlFullSupport: FileNotSupported}[0m
    [2;3mat[0m crates/biome_service/src/workspace.rs:246 [2;3mon[0m biome::workspace_worker_6

  [2m2026-02-22T16:44:02.672944Z[0m [32m INFO[0m  [32mPulled 3 diagnostic(s), skipped 0 diagnostic(s) from /home/artu/Desktop/projects/showcases-portfolio/src/app/premium/cafeteria/page.tsx[0m
    [2;3mat[0m crates/biome_service/src/workspace/server.rs:1809 [2;3mon[0m biome::workspace_worker_0
    [2;3min[0m [1mpull_diagnostics[0m [2;3mwith[0m [1mrule_categories[0m: [Syntax, Lint, Action], [1mpath[0m: /home/artu/Desktop/projects/showcases-portfolio/src/app/premium/cafeteria/page.tsx, [1mproject_key[0m: ProjectKey(1), [1mskip[0m: [], [1monly[0m: []

  [2m2026-02-22T16:44:02.673006Z[0m [32m INFO[0m  [32mFix file summary result. Errors 0, skipped fixes 0, actions 0[0m
    [2;3mat[0m crates/biome_cli/src/runner/impls/process_file/lint_and_assist.rs:68 [2;3mon[0m biome::workspace_worker_1

  [2m2026-02-22T16:44:02.673040Z[0m [32m INFO[0m  [32mPulled 1 diagnostic(s), skipped 0 diagnostic(s) from /home/artu/Desktop/projects/showcases-portfolio/src/app/premium/fotografo/components/client.tsx[0m
    [2;3mat[0m crates/biome_service/src/workspace/server.rs:1809 [2;3mon[0m biome::workspace_worker_11
    [2;3min[0m [1mpull_diagnostics[0m [2;3mwith[0m [1mrule_categories[0m: [Syntax, Lint, Action], [1mpath[0m: /home/artu/Desktop/projects/showcases-portfolio/src/app/premium/fotografo/components/client.tsx, [1mproject_key[0m: ProjectKey(1), [1mskip[0m: [], [1monly[0m: []

  [2m2026-02-22T16:44:02.673155Z[0m [32m INFO[0m  [32mPulled 0 diagnostic(s), skipped 0 diagnostic(s) from /home/artu/Desktop/projects/showcases-portfolio/src/app/premium/fotografo/components/client.tsx[0m
    [2;3mat[0m crates/biome_service/src/workspace/server.rs:1809 [2;3mon[0m biome::workspace_worker_11
    [2;3min[0m [1mpull_diagnostics[0m [2;3mwith[0m [1mrule_categories[0m: [Syntax], [1mpath[0m: /home/artu/Desktop/projects/showcases-portfolio/src/app/premium/fotografo/components/client.tsx, [1mproject_key[0m: ProjectKey(1), [1mskip[0m: [], [1monly[0m: []

  [2m2026-02-22T16:44:02.673245Z[0m [34mDEBUG[0m  [34mJsFormatOptions { indent_style: Tab, indent_width: 2, line_ending: Lf, line_width: 100, quote_style: Double, jsx_quote_style: Double, quote_properties: AsNeeded, trailing_commas: All, semicolons: AsNeeded, arrow_parentheses: Always, bracket_spacing: BracketSpacing(true), bracket_same_line: BracketSameLine(false), source_type: JsFileSource { language: TypeScript { definition_file: false }, variant: Jsx, module_kind: Module, version: ES2022, embedding_kind: None }, attribute_position: Auto, expand: Auto, operator_linebreak: After, trailing_newline: TrailingNewline(true) }[0m
    [2;3mat[0m crates/biome_service/src/file_handlers/javascript.rs:1131 [2;3mon[0m biome::workspace_worker_11
    [2;3min[0m [1mformat_file[0m [2;3mwith[0m [1mpath[0m: /home/artu/Desktop/projects/showcases-portfolio/src/app/premium/fotografo/components/client.tsx

  [2m2026-02-22T16:44:02.673490Z[0m [32m INFO[0m  [32mPulled 0 diagnostic(s), skipped 0 diagnostic(s) from /home/artu/Desktop/projects/showcases-portfolio/src/app/premium/personal/data.ts[0m
    [2;3mat[0m crates/biome_service/src/workspace/server.rs:1809 [2;3mon[0m biome::workspace_worker_3
    [2;3min[0m [1mpull_diagnostics[0m [2;3mwith[0m [1mrule_categories[0m: [Syntax, Lint, Action], [1mpath[0m: /home/artu/Desktop/projects/showcases-portfolio/src/app/premium/personal/data.ts, [1mproject_key[0m: ProjectKey(1), [1mskip[0m: [], [1monly[0m: []

  [2m2026-02-22T16:44:02.673625Z[0m [32m INFO[0m  [32mPulled 0 diagnostic(s), skipped 0 diagnostic(s) from /home/artu/Desktop/projects/showcases-portfolio/src/app/premium/personal/data.ts[0m
    [2;3mat[0m crates/biome_service/src/workspace/server.rs:1809 [2;3mon[0m biome::workspace_worker_3
    [2;3min[0m [1mpull_diagnostics[0m [2;3mwith[0m [1mrule_categories[0m: [Syntax], [1mpath[0m: /home/artu/Desktop/projects/showcases-portfolio/src/app/premium/personal/data.ts, [1mproject_key[0m: ProjectKey(1), [1mskip[0m: [], [1monly[0m: []

  [2m2026-02-22T16:44:02.673741Z[0m [34mDEBUG[0m  [34mJsFormatOptions { indent_style: Tab, indent_width: 2, line_ending: Lf, line_width: 100, quote_style: Double, jsx_quote_style: Double, quote_properties: AsNeeded, trailing_commas: All, semicolons: AsNeeded, arrow_parentheses: Always, bracket_spacing: BracketSpacing(true), bracket_same_line: BracketSameLine(false), source_type: JsFileSource { language: TypeScript { definition_file: false }, variant: Standard, module_kind: Module, version: ES2022, embedding_kind: None }, attribute_position: Auto, expand: Auto, operator_linebreak: After, trailing_newline: TrailingNewline(true) }[0m
    [2;3mat[0m crates/biome_service/src/file_handlers/javascript.rs:1131 [2;3mon[0m biome::workspace_worker_3
    [2;3min[0m [1mformat_file[0m [2;3mwith[0m [1mpath[0m: /home/artu/Desktop/projects/showcases-portfolio/src/app/premium/personal/data.ts

  [2m2026-02-22T16:44:02.673984Z[0m [34mDEBUG[0m  [34mFormat output is different from input: false[0m
    [2;3mat[0m crates/biome_cli/src/runner/impls/process_file/format.rs:106 [2;3mon[0m biome::workspace_worker_3

  [2m2026-02-22T16:44:02.674059Z[0m [32m INFO[0m  [32mFix file summary result. Errors 0, skipped fixes 0, actions 0[0m
    [2;3mat[0m crates/biome_cli/src/runner/impls/process_file/lint_and_assist.rs:68 [2;3mon[0m biome::workspace_worker_2

  [2m2026-02-22T16:44:02.674122Z[0m [34mDEBUG[0m  [34mThe file has the following feature sets: {Format: Supported, Lint: Supported, Search: NotRequested, Assist: Supported, Debug: Supported, HtmlFullSupport: FileNotSupported}[0m
    [2;3mat[0m crates/biome_service/src/workspace.rs:246 [2;3mon[0m biome::workspace_worker_3

  [2m2026-02-22T16:44:02.674529Z[0m [32m INFO[0m  [32mFix file summary result. Errors 0, skipped fixes 0, actions 0[0m
    [2;3mat[0m crates/biome_cli/src/runner/impls/process_file/lint_and_assist.rs:68 [2;3mon[0m biome::workspace_worker_16

  [2m2026-02-22T16:44:02.674706Z[0m [34mDEBUG[0m  [34mFormat output is different from input: false[0m
    [2;3mat[0m crates/biome_cli/src/runner/impls/process_file/format.rs:106 [2;3mon[0m biome::workspace_worker_11

  [2m2026-02-22T16:44:02.674835Z[0m [34mDEBUG[0m  [34mThe file has the following feature sets: {Format: Supported, Lint: Supported, Search: NotRequested, Assist: Supported, Debug: Supported, HtmlFullSupport: FileNotSupported}[0m
    [2;3mat[0m crates/biome_service/src/workspace.rs:246 [2;3mon[0m biome::workspace_worker_11

  [2m2026-02-22T16:44:02.675032Z[0m [32m INFO[0m  [32mFix file summary result. Errors 0, skipped fixes 0, actions 0[0m
    [2;3mat[0m crates/biome_cli/src/runner/impls/process_file/lint_and_assist.rs:68 [2;3mon[0m biome::workspace_worker_17

  [2m2026-02-22T16:44:02.675236Z[0m [32m INFO[0m  [32mFix file summary result. Errors 0, skipped fixes 0, actions 0[0m
    [2;3mat[0m crates/biome_cli/src/runner/impls/process_file/lint_and_assist.rs:68 [2;3mon[0m biome::workspace_worker_9

  [2m2026-02-22T16:44:02.676106Z[0m [32m INFO[0m  [32mPulled 0 diagnostic(s), skipped 0 diagnostic(s) from /home/artu/Desktop/projects/showcases-portfolio/src/app/premium/cafeteria/page.tsx[0m
    [2;3mat[0m crates/biome_service/src/workspace/server.rs:1809 [2;3mon[0m biome::workspace_worker_0
    [2;3min[0m [1mpull_diagnostics[0m [2;3mwith[0m [1mrule_categories[0m: [Syntax], [1mpath[0m: /home/artu/Desktop/projects/showcases-portfolio/src/app/premium/cafeteria/page.tsx, [1mproject_key[0m: ProjectKey(1), [1mskip[0m: [], [1monly[0m: []

  [2m2026-02-22T16:44:02.676268Z[0m [34mDEBUG[0m  [34mJsFormatOptions { indent_style: Tab, indent_width: 2, line_ending: Lf, line_width: 100, quote_style: Double, jsx_quote_style: Double, quote_properties: AsNeeded, trailing_commas: All, semicolons: AsNeeded, arrow_parentheses: Always, bracket_spacing: BracketSpacing(true), bracket_same_line: BracketSameLine(false), source_type: JsFileSource { language: TypeScript { definition_file: false }, variant: Jsx, module_kind: Module, version: ES2022, embedding_kind: None }, attribute_position: Auto, expand: Auto, operator_linebreak: After, trailing_newline: TrailingNewline(true) }[0m
    [2;3mat[0m crates/biome_service/src/file_handlers/javascript.rs:1131 [2;3mon[0m biome::workspace_worker_0
    [2;3min[0m [1mformat_file[0m [2;3mwith[0m [1mpath[0m: /home/artu/Desktop/projects/showcases-portfolio/src/app/premium/cafeteria/page.tsx

  [2m2026-02-22T16:44:02.676500Z[0m [32m INFO[0m  [32mFix file summary result. Errors 0, skipped fixes 0, actions 0[0m
    [2;3mat[0m crates/biome_cli/src/runner/impls/process_file/lint_and_assist.rs:68 [2;3mon[0m biome::workspace_worker_6

  [2m2026-02-22T16:44:02.676754Z[0m [32m INFO[0m  [32mPulled 0 diagnostic(s), skipped 0 diagnostic(s) from /home/artu/Desktop/projects/showcases-portfolio/src/app/premium/personal/layout.tsx[0m
    [2;3mat[0m crates/biome_service/src/workspace/server.rs:1809 [2;3mon[0m biome::workspace_worker_2
    [2;3min[0m [1mpull_diagnostics[0m [2;3mwith[0m [1mrule_categories[0m: [Syntax, Lint, Action], [1mpath[0m: /home/artu/Desktop/projects/showcases-portfolio/src/app/premium/personal/layout.tsx, [1mproject_key[0m: ProjectKey(1), [1mskip[0m: [], [1monly[0m: []

  [2m2026-02-22T16:44:02.676823Z[0m [32m INFO[0m  [32mPulled 6 diagnostic(s), skipped 0 diagnostic(s) from /home/artu/Desktop/projects/showcases-portfolio/src/app/premium/dentista/page.tsx[0m
    [2;3mat[0m crates/biome_service/src/workspace/server.rs:1809 [2;3mon[0m biome::workspace_worker_15
    [2;3min[0m [1mpull_diagnostics[0m [2;3mwith[0m [1mrule_categories[0m: [Syntax, Lint, Action], [1mpath[0m: /home/artu/Desktop/projects/showcases-portfolio/src/app/premium/dentista/page.tsx, [1mproject_key[0m: ProjectKey(1), [1mskip[0m: [], [1monly[0m: []

  [2m2026-02-22T16:44:02.676857Z[0m [32m INFO[0m  [32mPulled 0 diagnostic(s), skipped 0 diagnostic(s) from /home/artu/Desktop/projects/showcases-portfolio/src/app/premium/personal/layout.tsx[0m
    [2;3mat[0m crates/biome_service/src/workspace/server.rs:1809 [2;3mon[0m biome::workspace_worker_2
    [2;3min[0m [1mpull_diagnostics[0m [2;3mwith[0m [1mrule_categories[0m: [Syntax], [1mpath[0m: /home/artu/Desktop/projects/showcases-portfolio/src/app/premium/personal/layout.tsx, [1mproject_key[0m: ProjectKey(1), [1mskip[0m: [], [1monly[0m: []

  [2m2026-02-22T16:44:02.676886Z[0m [32m INFO[0m  [32mPulled 2 diagnostic(s), skipped 0 diagnostic(s) from /home/artu/Desktop/projects/showcases-portfolio/src/app/essencial/servicos-residenciais/components/client.tsx[0m
    [2;3mat[0m crates/biome_service/src/workspace/server.rs:1809 [2;3mon[0m biome::workspace_worker_13
    [2;3min[0m [1mpull_diagnostics[0m [2;3mwith[0m [1mrule_categories[0m: [Syntax, Lint, Action], [1mpath[0m: /home/artu/Desktop/projects/showcases-portfolio/src/app/essencial/servicos-residenciais/components/client.tsx, [1mproject_key[0m: ProjectKey(1), [1mskip[0m: [], [1monly[0m: []

  [2m2026-02-22T16:44:02.676940Z[0m [32m INFO[0m  [32mPulled 0 diagnostic(s), skipped 0 diagnostic(s) from /home/artu/Desktop/projects/showcases-portfolio/src/app/premium/dentista/page.tsx[0m
    [2;3mat[0m crates/biome_service/src/workspace/server.rs:1809 [2;3mon[0m biome::workspace_worker_15
    [2;3min[0m [1mpull_diagnostics[0m [2;3mwith[0m [1mrule_categories[0m: [Syntax], [1mpath[0m: /home/artu/Desktop/projects/showcases-portfolio/src/app/premium/dentista/page.tsx, [1mproject_key[0m: ProjectKey(1), [1mskip[0m: [], [1monly[0m: []

  [2m2026-02-22T16:44:02.676932Z[0m [34mDEBUG[0m  [34mJsFormatOptions { indent_style: Tab, indent_width: 2, line_ending: Lf, line_width: 100, quote_style: Double, jsx_quote_style: Double, quote_properties: AsNeeded, trailing_commas: All, semicolons: AsNeeded, arrow_parentheses: Always, bracket_spacing: BracketSpacing(true), bracket_same_line: BracketSameLine(false), source_type: JsFileSource { language: TypeScript { definition_file: false }, variant: Jsx, module_kind: Module, version: ES2022, embedding_kind: None }, attribute_position: Auto, expand: Auto, operator_linebreak: After, trailing_newline: TrailingNewline(true) }[0m
    [2;3mat[0m crates/biome_service/src/file_handlers/javascript.rs:1131 [2;3mon[0m biome::workspace_worker_2
    [2;3min[0m [1mformat_file[0m [2;3mwith[0m [1mpath[0m: /home/artu/Desktop/projects/showcases-portfolio/src/app/premium/personal/layout.tsx

  [2m2026-02-22T16:44:02.677022Z[0m [32m INFO[0m  [32mPulled 0 diagnostic(s), skipped 0 diagnostic(s) from /home/artu/Desktop/projects/showcases-portfolio/src/app/essencial/servicos-residenciais/components/client.tsx[0m
    [2;3mat[0m crates/biome_service/src/workspace/server.rs:1809 [2;3mon[0m biome::workspace_worker_13
    [2;3min[0m [1mpull_diagnostics[0m [2;3mwith[0m [1mrule_categories[0m: [Syntax], [1mpath[0m: /home/artu/Desktop/projects/showcases-portfolio/src/app/essencial/servicos-residenciais/components/client.tsx, [1mproject_key[0m: ProjectKey(1), [1mskip[0m: [], [1monly[0m: []

  [2m2026-02-22T16:44:02.677040Z[0m [34mDEBUG[0m  [34mJsFormatOptions { indent_style: Tab, indent_width: 2, line_ending: Lf, line_width: 100, quote_style: Double, jsx_quote_style: Double, quote_properties: AsNeeded, trailing_commas: All, semicolons: AsNeeded, arrow_parentheses: Always, bracket_spacing: BracketSpacing(true), bracket_same_line: BracketSameLine(false), source_type: JsFileSource { language: TypeScript { definition_file: false }, variant: Jsx, module_kind: Module, version: ES2022, embedding_kind: None }, attribute_position: Auto, expand: Auto, operator_linebreak: After, trailing_newline: TrailingNewline(true) }[0m
    [2;3mat[0m crates/biome_service/src/file_handlers/javascript.rs:1131 [2;3mon[0m biome::workspace_worker_15
    [2;3min[0m [1mformat_file[0m [2;3mwith[0m [1mpath[0m: /home/artu/Desktop/projects/showcases-portfolio/src/app/premium/dentista/page.tsx

  [2m2026-02-22T16:44:02.677154Z[0m [34mDEBUG[0m  [34mFormat output is different from input: false[0m
    [2;3mat[0m crates/biome_cli/src/runner/impls/process_file/format.rs:106 [2;3mon[0m biome::workspace_worker_0

  [2m2026-02-22T16:44:02.677166Z[0m [34mDEBUG[0m  [34mJsFormatOptions { indent_style: Tab, indent_width: 2, line_ending: Lf, line_width: 100, quote_style: Double, jsx_quote_style: Double, quote_properties: AsNeeded, trailing_commas: All, semicolons: AsNeeded, arrow_parentheses: Always, bracket_spacing: BracketSpacing(true), bracket_same_line: BracketSameLine(false), source_type: JsFileSource { language: TypeScript { definition_file: false }, variant: Jsx, module_kind: Module, version: ES2022, embedding_kind: None }, attribute_position: Auto, expand: Auto, operator_linebreak: After, trailing_newline: TrailingNewline(true) }[0m
    [2;3mat[0m crates/biome_service/src/file_handlers/javascript.rs:1131 [2;3mon[0m biome::workspace_worker_13
    [2;3min[0m [1mformat_file[0m [2;3mwith[0m [1mpath[0m: /home/artu/Desktop/projects/showcases-portfolio/src/app/essencial/servicos-residenciais/components/client.tsx

  [2m2026-02-22T16:44:02.677196Z[0m [34mDEBUG[0m  [34mFormat output is different from input: false[0m
    [2;3mat[0m crates/biome_cli/src/runner/impls/process_file/format.rs:106 [2;3mon[0m biome::workspace_worker_2

  [2m2026-02-22T16:44:02.677252Z[0m [32m INFO[0m  [32mFix file summary result. Errors 0, skipped fixes 0, actions 0[0m
    [2;3mat[0m crates/biome_cli/src/runner/impls/process_file/lint_and_assist.rs:68 [2;3mon[0m biome::workspace_worker_5

  [2m2026-02-22T16:44:02.677284Z[0m [34mDEBUG[0m  [34mThe file has the following feature sets: {Format: Supported, Lint: Supported, Search: NotRequested, Assist: Supported, Debug: Supported, HtmlFullSupport: FileNotSupported}[0m
    [2;3mat[0m crates/biome_service/src/workspace.rs:246 [2;3mon[0m biome::workspace_worker_0

  [2m2026-02-22T16:44:02.677387Z[0m [34mDEBUG[0m  [34mThe file has the following feature sets: {Format: Supported, Lint: Supported, Search: NotRequested, Assist: Supported, Debug: Supported, HtmlFullSupport: FileNotSupported}[0m
    [2;3mat[0m crates/biome_service/src/workspace.rs:246 [2;3mon[0m biome::workspace_worker_2

  [2m2026-02-22T16:44:02.677760Z[0m [32m INFO[0m  [32mFix file summary result. Errors 0, skipped fixes 0, actions 0[0m
    [2;3mat[0m crates/biome_cli/src/runner/impls/process_file/lint_and_assist.rs:68 [2;3mon[0m biome::workspace_worker_11

  [2m2026-02-22T16:44:02.677979Z[0m [32m INFO[0m  [32mFix file summary result. Errors 0, skipped fixes 0, actions 0[0m
    [2;3mat[0m crates/biome_cli/src/runner/impls/process_file/lint_and_assist.rs:68 [2;3mon[0m biome::workspace_worker_8

  [2m2026-02-22T16:44:02.678339Z[0m [32m INFO[0m  [32mPulled 0 diagnostic(s), skipped 0 diagnostic(s) from /home/artu/Desktop/projects/showcases-portfolio/src/components/ui/tooltip.tsx[0m
    [2;3mat[0m crates/biome_service/src/workspace/server.rs:1809 [2;3mon[0m biome::workspace_worker_1
    [2;3min[0m [1mpull_diagnostics[0m [2;3mwith[0m [1mrule_categories[0m: [Syntax, Lint, Action], [1mpath[0m: /home/artu/Desktop/projects/showcases-portfolio/src/components/ui/tooltip.tsx, [1mproject_key[0m: ProjectKey(1), [1mskip[0m: [], [1monly[0m: []

  [2m2026-02-22T16:44:02.679339Z[0m [34mDEBUG[0m  [34mFormat output is different from input: false[0m
    [2;3mat[0m crates/biome_cli/src/runner/impls/process_file/format.rs:106 [2;3mon[0m biome::workspace_worker_13

  [2m2026-02-22T16:44:02.679518Z[0m [32m INFO[0m  [32mPulled 0 diagnostic(s), skipped 0 diagnostic(s) from /home/artu/Desktop/projects/showcases-portfolio/src/app/premium/nutricionista/layout.tsx[0m
    [2;3mat[0m crates/biome_service/src/workspace/server.rs:1809 [2;3mon[0m biome::workspace_worker_17
    [2;3min[0m [1mpull_diagnostics[0m [2;3mwith[0m [1mrule_categories[0m: [Syntax, Lint, Action], [1mpath[0m: /home/artu/Desktop/projects/showcases-portfolio/src/app/premium/nutricionista/layout.tsx, [1mproject_key[0m: ProjectKey(1), [1mskip[0m: [], [1monly[0m: []

  [2m2026-02-22T16:44:02.679583Z[0m [34mDEBUG[0m  [34mThe file has the following feature sets: {Format: Supported, Lint: Supported, Search: NotRequested, Assist: Supported, Debug: Supported, HtmlFullSupport: FileNotSupported}[0m
    [2;3mat[0m crates/biome_service/src/workspace.rs:246 [2;3mon[0m biome::workspace_worker_13

  [2m2026-02-22T16:44:02.679675Z[0m [32m INFO[0m  [32mPulled 0 diagnostic(s), skipped 0 diagnostic(s) from /home/artu/Desktop/projects/showcases-portfolio/src/app/premium/nutricionista/layout.tsx[0m
    [2;3mat[0m crates/biome_service/src/workspace/server.rs:1809 [2;3mon[0m biome::workspace_worker_17
    [2;3min[0m [1mpull_diagnostics[0m [2;3mwith[0m [1mrule_categories[0m: [Syntax], [1mpath[0m: /home/artu/Desktop/projects/showcases-portfolio/src/app/premium/nutricionista/layout.tsx, [1mproject_key[0m: ProjectKey(1), [1mskip[0m: [], [1monly[0m: []

  [2m2026-02-22T16:44:02.679778Z[0m [34mDEBUG[0m  [34mJsFormatOptions { indent_style: Tab, indent_width: 2, line_ending: Lf, line_width: 100, quote_style: Double, jsx_quote_style: Double, quote_properties: AsNeeded, trailing_commas: All, semicolons: AsNeeded, arrow_parentheses: Always, bracket_spacing: BracketSpacing(true), bracket_same_line: BracketSameLine(false), source_type: JsFileSource { language: TypeScript { definition_file: false }, variant: Jsx, module_kind: Module, version: ES2022, embedding_kind: None }, attribute_position: Auto, expand: Auto, operator_linebreak: After, trailing_newline: TrailingNewline(true) }[0m
    [2;3mat[0m crates/biome_service/src/file_handlers/javascript.rs:1131 [2;3mon[0m biome::workspace_worker_17
    [2;3min[0m [1mformat_file[0m [2;3mwith[0m [1mpath[0m: /home/artu/Desktop/projects/showcases-portfolio/src/app/premium/nutricionista/layout.tsx

  [2m2026-02-22T16:44:02.679841Z[0m [32m INFO[0m  [32mFix file summary result. Errors 0, skipped fixes 0, actions 0[0m
    [2;3mat[0m crates/biome_cli/src/runner/impls/process_file/lint_and_assist.rs:68 [2;3mon[0m biome::workspace_worker_4

  [2m2026-02-22T16:44:02.678747Z[0m [32m INFO[0m  [32mFix file summary result. Errors 0, skipped fixes 0, actions 0[0m
    [2;3mat[0m crates/biome_cli/src/runner/impls/process_file/lint_and_assist.rs:68 [2;3mon[0m biome::workspace_worker_14

  [2m2026-02-22T16:44:02.680003Z[0m [34mDEBUG[0m  [34mFormat output is different from input: false[0m
    [2;3mat[0m crates/biome_cli/src/runner/impls/process_file/format.rs:106 [2;3mon[0m biome::workspace_worker_17

  [2m2026-02-22T16:44:02.679276Z[0m [32m INFO[0m  [32mFix file summary result. Errors 0, skipped fixes 0, actions 0[0m
    [2;3mat[0m crates/biome_cli/src/runner/impls/process_file/lint_and_assist.rs:68 [2;3mon[0m biome::workspace_worker_12

  [2m2026-02-22T16:44:02.679353Z[0m [32m INFO[0m  [32mPulled 0 diagnostic(s), skipped 0 diagnostic(s) from /home/artu/Desktop/projects/showcases-portfolio/src/components/ui/tooltip.tsx[0m
    [2;3mat[0m crates/biome_service/src/workspace/server.rs:1809 [2;3mon[0m biome::workspace_worker_1
    [2;3min[0m [1mpull_diagnostics[0m [2;3mwith[0m [1mrule_categories[0m: [Syntax], [1mpath[0m: /home/artu/Desktop/projects/showcases-portfolio/src/components/ui/tooltip.tsx, [1mproject_key[0m: ProjectKey(1), [1mskip[0m: [], [1monly[0m: []

  [2m2026-02-22T16:44:02.678606Z[0m [32m INFO[0m  [32mFix file summary result. Errors 0, skipped fixes 0, actions 0[0m
    [2;3mat[0m crates/biome_cli/src/runner/impls/process_file/lint_and_assist.rs:68 [2;3mon[0m biome::workspace_worker_7

  [2m2026-02-22T16:44:02.680163Z[0m [34mDEBUG[0m  [34mThe file has the following feature sets: {Format: Supported, Lint: Supported, Search: NotRequested, Assist: Supported, Debug: Supported, HtmlFullSupport: FileNotSupported}[0m
    [2;3mat[0m crates/biome_service/src/workspace.rs:246 [2;3mon[0m biome::workspace_worker_17

  [2m2026-02-22T16:44:02.680545Z[0m [32m INFO[0m  [32mFix file summary result. Errors 0, skipped fixes 0, actions 0[0m
    [2;3mat[0m crates/biome_cli/src/runner/impls/process_file/lint_and_assist.rs:68 [2;3mon[0m biome::workspace_worker_0

  [2m2026-02-22T16:44:02.680866Z[0m [34mDEBUG[0m  [34mJsFormatOptions { indent_style: Tab, indent_width: 2, line_ending: Lf, line_width: 100, quote_style: Double, jsx_quote_style: Double, quote_properties: AsNeeded, trailing_commas: All, semicolons: AsNeeded, arrow_parentheses: Always, bracket_spacing: BracketSpacing(true), bracket_same_line: BracketSameLine(false), source_type: JsFileSource { language: TypeScript { definition_file: false }, variant: Jsx, module_kind: Module, version: ES2022, embedding_kind: None }, attribute_position: Auto, expand: Auto, operator_linebreak: After, trailing_newline: TrailingNewline(true) }[0m
    [2;3mat[0m crates/biome_service/src/file_handlers/javascript.rs:1131 [2;3mon[0m biome::workspace_worker_1
    [2;3min[0m [1mformat_file[0m [2;3mwith[0m [1mpath[0m: /home/artu/Desktop/projects/showcases-portfolio/src/components/ui/tooltip.tsx

  [2m2026-02-22T16:44:02.681256Z[0m [34mDEBUG[0m  [34mFormat output is different from input: false[0m
    [2;3mat[0m crates/biome_cli/src/runner/impls/process_file/format.rs:106 [2;3mon[0m biome::workspace_worker_1

  [2m2026-02-22T16:44:02.681351Z[0m [34mDEBUG[0m  [34mThe file has the following feature sets: {Format: Supported, Lint: Supported, Search: NotRequested, Assist: Supported, Debug: Supported, HtmlFullSupport: FileNotSupported}[0m
    [2;3mat[0m crates/biome_service/src/workspace.rs:246 [2;3mon[0m biome::workspace_worker_1

  [2m2026-02-22T16:44:02.681444Z[0m [32m INFO[0m  [32mFix file summary result. Errors 0, skipped fixes 0, actions 0[0m
    [2;3mat[0m crates/biome_cli/src/runner/impls/process_file/lint_and_assist.rs:68 [2;3mon[0m biome::workspace_worker_2

  [2m2026-02-22T16:44:02.681646Z[0m [32m INFO[0m  [32mPulled 0 diagnostic(s), skipped 0 diagnostic(s) from /home/artu/Desktop/projects/showcases-portfolio/src/app/globals.css[0m
    [2;3mat[0m crates/biome_service/src/workspace/server.rs:1809 [2;3mon[0m biome::workspace_worker_16
    [2;3min[0m [1mpull_diagnostics[0m [2;3mwith[0m [1mrule_categories[0m: [Syntax, Lint, Action], [1mpath[0m: /home/artu/Desktop/projects/showcases-portfolio/src/app/globals.css, [1mproject_key[0m: ProjectKey(1), [1mskip[0m: [], [1monly[0m: []

  [2m2026-02-22T16:44:02.681732Z[0m [32m INFO[0m  [32mPulled 0 diagnostic(s), skipped 0 diagnostic(s) from /home/artu/Desktop/projects/showcases-portfolio/src/app/globals.css[0m
    [2;3mat[0m crates/biome_service/src/workspace/server.rs:1809 [2;3mon[0m biome::workspace_worker_16
    [2;3min[0m [1mpull_diagnostics[0m [2;3mwith[0m [1mrule_categories[0m: [Syntax], [1mpath[0m: /home/artu/Desktop/projects/showcases-portfolio/src/app/globals.css, [1mproject_key[0m: ProjectKey(1), [1mskip[0m: [], [1monly[0m: []

  [2m2026-02-22T16:44:02.682125Z[0m [32m INFO[0m  [32mPulled 1 diagnostic(s), skipped 0 diagnostic(s) from /home/artu/Desktop/projects/showcases-portfolio/src/app/premium/nutricionista/components/client.tsx[0m
    [2;3mat[0m crates/biome_service/src/workspace/server.rs:1809 [2;3mon[0m biome::workspace_worker_4
    [2;3min[0m [1mpull_diagnostics[0m [2;3mwith[0m [1mrule_categories[0m: [Syntax, Lint, Action], [1mpath[0m: /home/artu/Desktop/projects/showcases-portfolio/src/app/premium/nutricionista/components/client.tsx, [1mproject_key[0m: ProjectKey(1), [1mskip[0m: [], [1monly[0m: []

  [2m2026-02-22T16:44:02.682338Z[0m [32m INFO[0m  [32mPulled 0 diagnostic(s), skipped 0 diagnostic(s) from /home/artu/Desktop/projects/showcases-portfolio/src/app/premium/nutricionista/components/client.tsx[0m
    [2;3mat[0m crates/biome_service/src/workspace/server.rs:1809 [2;3mon[0m biome::workspace_worker_4
    [2;3min[0m [1mpull_diagnostics[0m [2;3mwith[0m [1mrule_categories[0m: [Syntax], [1mpath[0m: /home/artu/Desktop/projects/showcases-portfolio/src/app/premium/nutricionista/components/client.tsx, [1mproject_key[0m: ProjectKey(1), [1mskip[0m: [], [1monly[0m: []

  [2m2026-02-22T16:44:02.682463Z[0m [34mDEBUG[0m  [34mJsFormatOptions { indent_style: Tab, indent_width: 2, line_ending: Lf, line_width: 100, quote_style: Double, jsx_quote_style: Double, quote_properties: AsNeeded, trailing_commas: All, semicolons: AsNeeded, arrow_parentheses: Always, bracket_spacing: BracketSpacing(true), bracket_same_line: BracketSameLine(false), source_type: JsFileSource { language: TypeScript { definition_file: false }, variant: Jsx, module_kind: Module, version: ES2022, embedding_kind: None }, attribute_position: Auto, expand: Auto, operator_linebreak: After, trailing_newline: TrailingNewline(true) }[0m
    [2;3mat[0m crates/biome_service/src/file_handlers/javascript.rs:1131 [2;3mon[0m biome::workspace_worker_4
    [2;3min[0m [1mformat_file[0m [2;3mwith[0m [1mpath[0m: /home/artu/Desktop/projects/showcases-portfolio/src/app/premium/nutricionista/components/client.tsx

  [2m2026-02-22T16:44:02.682661Z[0m [32m INFO[0m  [32mPulled 0 diagnostic(s), skipped 0 diagnostic(s) from /home/artu/Desktop/projects/showcases-portfolio/src/components/ui/aspect-ratio.tsx[0m
    [2;3mat[0m crates/biome_service/src/workspace/server.rs:1809 [2;3mon[0m biome::workspace_worker_0
    [2;3min[0m [1mpull_diagnostics[0m [2;3mwith[0m [1mrule_categories[0m: [Syntax, Lint, Action], [1mpath[0m: /home/artu/Desktop/projects/showcases-portfolio/src/components/ui/aspect-ratio.tsx, [1mproject_key[0m: ProjectKey(1), [1mskip[0m: [], [1monly[0m: []

  [2m2026-02-22T16:44:02.678843Z[0m [32m INFO[0m  [32mPulled 0 diagnostic(s), skipped 0 diagnostic(s) from /home/artu/Desktop/projects/showcases-portfolio/src/components/ui/accordion.tsx[0m
    [2;3mat[0m crates/biome_service/src/workspace/server.rs:1809 [2;3mon[0m biome::workspace_worker_6
    [2;3min[0m [1mpull_diagnostics[0m [2;3mwith[0m [1mrule_categories[0m: [Syntax, Lint, Action], [1mpath[0m: /home/artu/Desktop/projects/showcases-portfolio/src/components/ui/accordion.tsx, [1mproject_key[0m: ProjectKey(1), [1mskip[0m: [], [1monly[0m: []

  [2m2026-02-22T16:44:02.682757Z[0m [32m INFO[0m  [32mPulled 0 diagnostic(s), skipped 0 diagnostic(s) from /home/artu/Desktop/projects/showcases-portfolio/src/components/ui/aspect-ratio.tsx[0m
    [2;3mat[0m crates/biome_service/src/workspace/server.rs:1809 [2;3mon[0m biome::workspace_worker_0
    [2;3min[0m [1mpull_diagnostics[0m [2;3mwith[0m [1mrule_categories[0m: [Syntax], [1mpath[0m: /home/artu/Desktop/projects/showcases-portfolio/src/components/ui/aspect-ratio.tsx, [1mproject_key[0m: ProjectKey(1), [1mskip[0m: [], [1monly[0m: []

  [2m2026-02-22T16:44:02.682783Z[0m [32m INFO[0m  [32mPulled 0 diagnostic(s), skipped 0 diagnostic(s) from /home/artu/Desktop/projects/showcases-portfolio/src/components/ui/accordion.tsx[0m
    [2;3mat[0m crates/biome_service/src/workspace/server.rs:1809 [2;3mon[0m biome::workspace_worker_6
    [2;3min[0m [1mpull_diagnostics[0m [2;3mwith[0m [1mrule_categories[0m: [Syntax], [1mpath[0m: /home/artu/Desktop/projects/showcases-portfolio/src/components/ui/accordion.tsx, [1mproject_key[0m: ProjectKey(1), [1mskip[0m: [], [1monly[0m: []

  [2m2026-02-22T16:44:02.682827Z[0m [34mDEBUG[0m  [34mJsFormatOptions { indent_style: Tab, indent_width: 2, line_ending: Lf, line_width: 100, quote_style: Double, jsx_quote_style: Double, quote_properties: AsNeeded, trailing_commas: All, semicolons: AsNeeded, arrow_parentheses: Always, bracket_spacing: BracketSpacing(true), bracket_same_line: BracketSameLine(false), source_type: JsFileSource { language: TypeScript { definition_file: false }, variant: Jsx, module_kind: Module, version: ES2022, embedding_kind: None }, attribute_position: Auto, expand: Auto, operator_linebreak: After, trailing_newline: TrailingNewline(true) }[0m
    [2;3mat[0m crates/biome_service/src/file_handlers/javascript.rs:1131 [2;3mon[0m biome::workspace_worker_0
    [2;3min[0m [1mformat_file[0m [2;3mwith[0m [1mpath[0m: /home/artu/Desktop/projects/showcases-portfolio/src/components/ui/aspect-ratio.tsx

  [2m2026-02-22T16:44:02.682856Z[0m [34mDEBUG[0m  [34mJsFormatOptions { indent_style: Tab, indent_width: 2, line_ending: Lf, line_width: 100, quote_style: Double, jsx_quote_style: Double, quote_properties: AsNeeded, trailing_commas: All, semicolons: AsNeeded, arrow_parentheses: Always, bracket_spacing: BracketSpacing(true), bracket_same_line: BracketSameLine(false), source_type: JsFileSource { language: TypeScript { definition_file: false }, variant: Jsx, module_kind: Module, version: ES2022, embedding_kind: None }, attribute_position: Auto, expand: Auto, operator_linebreak: After, trailing_newline: TrailingNewline(true) }[0m
    [2;3mat[0m crates/biome_service/src/file_handlers/javascript.rs:1131 [2;3mon[0m biome::workspace_worker_6
    [2;3min[0m [1mformat_file[0m [2;3mwith[0m [1mpath[0m: /home/artu/Desktop/projects/showcases-portfolio/src/components/ui/accordion.tsx

  [2m2026-02-22T16:44:02.682956Z[0m [34mDEBUG[0m  [34mFormat output is different from input: false[0m
    [2;3mat[0m crates/biome_cli/src/runner/impls/process_file/format.rs:106 [2;3mon[0m biome::workspace_worker_0

  [2m2026-02-22T16:44:02.683043Z[0m [34mDEBUG[0m  [34mThe file has the following feature sets: {Format: Supported, Lint: Supported, Search: NotRequested, Assist: Supported, Debug: Supported, HtmlFullSupport: FileNotSupported}[0m
    [2;3mat[0m crates/biome_service/src/workspace.rs:246 [2;3mon[0m biome::workspace_worker_0

  [2m2026-02-22T16:44:02.683234Z[0m [34mDEBUG[0m  [34mFormat output is different from input: false[0m
    [2;3mat[0m crates/biome_cli/src/runner/impls/process_file/format.rs:106 [2;3mon[0m biome::workspace_worker_6

  [2m2026-02-22T16:44:02.683332Z[0m [34mDEBUG[0m  [34mThe file has the following feature sets: {Format: Supported, Lint: Supported, Search: NotRequested, Assist: Supported, Debug: Supported, HtmlFullSupport: FileNotSupported}[0m
    [2;3mat[0m crates/biome_service/src/workspace.rs:246 [2;3mon[0m biome::workspace_worker_6

  [2m2026-02-22T16:44:02.683356Z[0m [32m INFO[0m  [32mPulled 2 diagnostic(s), skipped 0 diagnostic(s) from /home/artu/Desktop/projects/showcases-portfolio/src/app/premium/personal/components/client.tsx[0m
    [2;3mat[0m crates/biome_service/src/workspace/server.rs:1809 [2;3mon[0m biome::workspace_worker_7
    [2;3min[0m [1mpull_diagnostics[0m [2;3mwith[0m [1mrule_categories[0m: [Syntax, Lint, Action], [1mpath[0m: /home/artu/Desktop/projects/showcases-portfolio/src/app/premium/personal/components/client.tsx, [1mproject_key[0m: ProjectKey(1), [1mskip[0m: [], [1monly[0m: []

  [2m2026-02-22T16:44:02.683453Z[0m [32m INFO[0m  [32mPulled 0 diagnostic(s), skipped 0 diagnostic(s) from /home/artu/Desktop/projects/showcases-portfolio/src/app/premium/personal/components/client.tsx[0m
    [2;3mat[0m crates/biome_service/src/workspace/server.rs:1809 [2;3mon[0m biome::workspace_worker_7
    [2;3min[0m [1mpull_diagnostics[0m [2;3mwith[0m [1mrule_categories[0m: [Syntax], [1mpath[0m: /home/artu/Desktop/projects/showcases-portfolio/src/app/premium/personal/components/client.tsx, [1mproject_key[0m: ProjectKey(1), [1mskip[0m: [], [1monly[0m: []

  [2m2026-02-22T16:44:02.683517Z[0m [34mDEBUG[0m  [34mJsFormatOptions { indent_style: Tab, indent_width: 2, line_ending: Lf, line_width: 100, quote_style: Double, jsx_quote_style: Double, quote_properties: AsNeeded, trailing_commas: All, semicolons: AsNeeded, arrow_parentheses: Always, bracket_spacing: BracketSpacing(true), bracket_same_line: BracketSameLine(false), source_type: JsFileSource { language: TypeScript { definition_file: false }, variant: Jsx, module_kind: Module, version: ES2022, embedding_kind: None }, attribute_position: Auto, expand: Auto, operator_linebreak: After, trailing_newline: TrailingNewline(true) }[0m
    [2;3mat[0m crates/biome_service/src/file_handlers/javascript.rs:1131 [2;3mon[0m biome::workspace_worker_7
    [2;3min[0m [1mformat_file[0m [2;3mwith[0m [1mpath[0m: /home/artu/Desktop/projects/showcases-portfolio/src/app/premium/personal/components/client.tsx

  [2m2026-02-22T16:44:02.683543Z[0m [34mDEBUG[0m  [34mFormat output is different from input: false[0m
    [2;3mat[0m crates/biome_cli/src/runner/impls/process_file/format.rs:106 [2;3mon[0m biome::workspace_worker_4

  [2m2026-02-22T16:44:02.683622Z[0m [34mDEBUG[0m  [34mThe file has the following feature sets: {Format: Supported, Lint: Supported, Search: NotRequested, Assist: Supported, Debug: Supported, HtmlFullSupport: FileNotSupported}[0m
    [2;3mat[0m crates/biome_service/src/workspace.rs:246 [2;3mon[0m biome::workspace_worker_4

  [2m2026-02-22T16:44:02.683687Z[0m [32m INFO[0m  [32mPulled 0 diagnostic(s), skipped 0 diagnostic(s) from /home/artu/Desktop/projects/showcases-portfolio/src/app/premium/dentista/components/client.tsx[0m
    [2;3mat[0m crates/biome_service/src/workspace/server.rs:1809 [2;3mon[0m biome::workspace_worker_9
    [2;3min[0m [1mpull_diagnostics[0m [2;3mwith[0m [1mrule_categories[0m: [Syntax, Lint, Action], [1mpath[0m: /home/artu/Desktop/projects/showcases-portfolio/src/app/premium/dentista/components/client.tsx, [1mproject_key[0m: ProjectKey(1), [1mskip[0m: [], [1monly[0m: []

  [2m2026-02-22T16:44:02.683854Z[0m [32m INFO[0m  [32mFix file summary result. Errors 0, skipped fixes 0, actions 0[0m
    [2;3mat[0m crates/biome_cli/src/runner/impls/process_file/lint_and_assist.rs:68 [2;3mon[0m biome::workspace_worker_1

  [2m2026-02-22T16:44:02.683965Z[0m [32m INFO[0m  [32mPulled 0 diagnostic(s), skipped 0 diagnostic(s) from /home/artu/Desktop/projects/showcases-portfolio/src/app/premium/dentista/components/client.tsx[0m
    [2;3mat[0m crates/biome_service/src/workspace/server.rs:1809 [2;3mon[0m biome::workspace_worker_9
    [2;3min[0m [1mpull_diagnostics[0m [2;3mwith[0m [1mrule_categories[0m: [Syntax], [1mpath[0m: /home/artu/Desktop/projects/showcases-portfolio/src/app/premium/dentista/components/client.tsx, [1mproject_key[0m: ProjectKey(1), [1mskip[0m: [], [1monly[0m: []

  [2m2026-02-22T16:44:02.684160Z[0m [34mDEBUG[0m  [34mJsFormatOptions { indent_style: Tab, indent_width: 2, line_ending: Lf, line_width: 100, quote_style: Double, jsx_quote_style: Double, quote_properties: AsNeeded, trailing_commas: All, semicolons: AsNeeded, arrow_parentheses: Always, bracket_spacing: BracketSpacing(true), bracket_same_line: BracketSameLine(false), source_type: JsFileSource { language: TypeScript { definition_file: false }, variant: Jsx, module_kind: Module, version: ES2022, embedding_kind: None }, attribute_position: Auto, expand: Auto, operator_linebreak: After, trailing_newline: TrailingNewline(true) }[0m
    [2;3mat[0m crates/biome_service/src/file_handlers/javascript.rs:1131 [2;3mon[0m biome::workspace_worker_9
    [2;3min[0m [1mformat_file[0m [2;3mwith[0m [1mpath[0m: /home/artu/Desktop/projects/showcases-portfolio/src/app/premium/dentista/components/client.tsx

  [2m2026-02-22T16:44:02.684358Z[0m [34mDEBUG[0m  [34mFormat output is different from input: false[0m
    [2;3mat[0m crates/biome_cli/src/runner/impls/process_file/format.rs:106 [2;3mon[0m biome::workspace_worker_7

  [2m2026-02-22T16:44:02.684483Z[0m [34mDEBUG[0m  [34mThe file has the following feature sets: {Format: Supported, Lint: Supported, Search: NotRequested, Assist: Supported, Debug: Supported, HtmlFullSupport: FileNotSupported}[0m
    [2;3mat[0m crates/biome_service/src/workspace.rs:246 [2;3mon[0m biome::workspace_worker_7

  [2m2026-02-22T16:44:02.684499Z[0m [32m INFO[0m  [32mPulled 0 diagnostic(s), skipped 0 diagnostic(s) from /home/artu/Desktop/projects/showcases-portfolio/src/components/ui/avatar.tsx[0m
    [2;3mat[0m crates/biome_service/src/workspace/server.rs:1809 [2;3mon[0m biome::workspace_worker_2
    [2;3min[0m [1mpull_diagnostics[0m [2;3mwith[0m [1mrule_categories[0m: [Syntax, Lint, Action], [1mpath[0m: /home/artu/Desktop/projects/showcases-portfolio/src/components/ui/avatar.tsx, [1mproject_key[0m: ProjectKey(1), [1mskip[0m: [], [1monly[0m: []

  [2m2026-02-22T16:44:02.684661Z[0m [32m INFO[0m  [32mPulled 0 diagnostic(s), skipped 0 diagnostic(s) from /home/artu/Desktop/projects/showcases-portfolio/src/components/ui/avatar.tsx[0m
    [2;3mat[0m crates/biome_service/src/workspace/server.rs:1809 [2;3mon[0m biome::workspace_worker_2
    [2;3min[0m [1mpull_diagnostics[0m [2;3mwith[0m [1mrule_categories[0m: [Syntax], [1mpath[0m: /home/artu/Desktop/projects/showcases-portfolio/src/components/ui/avatar.tsx, [1mproject_key[0m: ProjectKey(1), [1mskip[0m: [], [1monly[0m: []

  [2m2026-02-22T16:44:02.684756Z[0m [34mDEBUG[0m  [34mJsFormatOptions { indent_style: Tab, indent_width: 2, line_ending: Lf, line_width: 100, quote_style: Double, jsx_quote_style: Double, quote_properties: AsNeeded, trailing_commas: All, semicolons: AsNeeded, arrow_parentheses: Always, bracket_spacing: BracketSpacing(true), bracket_same_line: BracketSameLine(false), source_type: JsFileSource { language: TypeScript { definition_file: false }, variant: Jsx, module_kind: Module, version: ES2022, embedding_kind: None }, attribute_position: Auto, expand: Auto, operator_linebreak: After, trailing_newline: TrailingNewline(true) }[0m
    [2;3mat[0m crates/biome_service/src/file_handlers/javascript.rs:1131 [2;3mon[0m biome::workspace_worker_2
    [2;3min[0m [1mformat_file[0m [2;3mwith[0m [1mpath[0m: /home/artu/Desktop/projects/showcases-portfolio/src/components/ui/avatar.tsx

  [2m2026-02-22T16:44:02.684991Z[0m [32m INFO[0m  [32mPulled 10 diagnostic(s), skipped 0 diagnostic(s) from /home/artu/Desktop/projects/showcases-portfolio/src/app/premium/fotografo/page.tsx[0m
    [2;3mat[0m crates/biome_service/src/workspace/server.rs:1809 [2;3mon[0m biome::workspace_worker_12
    [2;3min[0m [1mpull_diagnostics[0m [2;3mwith[0m [1mrule_categories[0m: [Syntax, Lint, Action], [1mpath[0m: /home/artu/Desktop/projects/showcases-portfolio/src/app/premium/fotografo/page.tsx, [1mproject_key[0m: ProjectKey(1), [1mskip[0m: [], [1monly[0m: []

  [2m2026-02-22T16:44:02.678728Z[0m [34mDEBUG[0m  [34mFormat output is different from input: false[0m
    [2;3mat[0m crates/biome_cli/src/runner/impls/process_file/format.rs:106 [2;3mon[0m biome::workspace_worker_15

  [2m2026-02-22T16:44:02.685127Z[0m [32m INFO[0m  [32mPulled 0 diagnostic(s), skipped 0 diagnostic(s) from /home/artu/Desktop/projects/showcases-portfolio/src/app/premium/fotografo/page.tsx[0m
    [2;3mat[0m crates/biome_service/src/workspace/server.rs:1809 [2;3mon[0m biome::workspace_worker_12
    [2;3min[0m [1mpull_diagnostics[0m [2;3mwith[0m [1mrule_categories[0m: [Syntax], [1mpath[0m: /home/artu/Desktop/projects/showcases-portfolio/src/app/premium/fotografo/page.tsx, [1mproject_key[0m: ProjectKey(1), [1mskip[0m: [], [1monly[0m: []

  [2m2026-02-22T16:44:02.680013Z[0m [32m INFO[0m  [32mPulled 0 diagnostic(s), skipped 0 diagnostic(s) from /home/artu/Desktop/projects/showcases-portfolio/src/components/ui/alert.tsx[0m
    [2;3mat[0m crates/biome_service/src/workspace/server.rs:1809 [2;3mon[0m biome::workspace_worker_11
    [2;3min[0m [1mpull_diagnostics[0m [2;3mwith[0m [1mrule_categories[0m: [Syntax, Lint, Action], [1mpath[0m: /home/artu/Desktop/projects/showcases-portfolio/src/components/ui/alert.tsx, [1mproject_key[0m: ProjectKey(1), [1mskip[0m: [], [1monly[0m: []

  [2m2026-02-22T16:44:02.685209Z[0m [34mDEBUG[0m  [34mJsFormatOptions { indent_style: Tab, indent_width: 2, line_ending: Lf, line_width: 100, quote_style: Double, jsx_quote_style: Double, quote_properties: AsNeeded, trailing_commas: All, semicolons: AsNeeded, arrow_parentheses: Always, bracket_spacing: BracketSpacing(true), bracket_same_line: BracketSameLine(false), source_type: JsFileSource { language: TypeScript { definition_file: false }, variant: Jsx, module_kind: Module, version: ES2022, embedding_kind: None }, attribute_position: Auto, expand: Auto, operator_linebreak: After, trailing_newline: TrailingNewline(true) }[0m
    [2;3mat[0m crates/biome_service/src/file_handlers/javascript.rs:1131 [2;3mon[0m biome::workspace_worker_12
    [2;3min[0m [1mformat_file[0m [2;3mwith[0m [1mpath[0m: /home/artu/Desktop/projects/showcases-portfolio/src/app/premium/fotografo/page.tsx

  [2m2026-02-22T16:44:02.685263Z[0m [34mDEBUG[0m  [34mThe file has the following feature sets: {Format: Supported, Lint: Supported, Search: NotRequested, Assist: Supported, Debug: Supported, HtmlFullSupport: FileNotSupported}[0m
    [2;3mat[0m crates/biome_service/src/workspace.rs:246 [2;3mon[0m biome::workspace_worker_15

  [2m2026-02-22T16:44:02.685265Z[0m [32m INFO[0m  [32mPulled 0 diagnostic(s), skipped 0 diagnostic(s) from /home/artu/Desktop/projects/showcases-portfolio/src/components/ui/alert.tsx[0m
    [2;3mat[0m crates/biome_service/src/workspace/server.rs:1809 [2;3mon[0m biome::workspace_worker_11
    [2;3min[0m [1mpull_diagnostics[0m [2;3mwith[0m [1mrule_categories[0m: [Syntax], [1mpath[0m: /home/artu/Desktop/projects/showcases-portfolio/src/components/ui/alert.tsx, [1mproject_key[0m: ProjectKey(1), [1mskip[0m: [], [1monly[0m: []

  [2m2026-02-22T16:44:02.685426Z[0m [34mDEBUG[0m  [34mJsFormatOptions { indent_style: Tab, indent_width: 2, line_ending: Lf, line_width: 100, quote_style: Double, jsx_quote_style: Double, quote_properties: AsNeeded, trailing_commas: All, semicolons: AsNeeded, arrow_parentheses: Always, bracket_spacing: BracketSpacing(true), bracket_same_line: BracketSameLine(false), source_type: JsFileSource { language: TypeScript { definition_file: false }, variant: Jsx, module_kind: Module, version: ES2022, embedding_kind: None }, attribute_position: Auto, expand: Auto, operator_linebreak: After, trailing_newline: TrailingNewline(true) }[0m
    [2;3mat[0m crates/biome_service/src/file_handlers/javascript.rs:1131 [2;3mon[0m biome::workspace_worker_11
    [2;3min[0m [1mformat_file[0m [2;3mwith[0m [1mpath[0m: /home/artu/Desktop/projects/showcases-portfolio/src/components/ui/alert.tsx

  [2m2026-02-22T16:44:02.685487Z[0m [34mDEBUG[0m  [34mFormat output is different from input: false[0m
    [2;3mat[0m crates/biome_cli/src/runner/impls/process_file/format.rs:106 [2;3mon[0m biome::workspace_worker_2

  [2m2026-02-22T16:44:02.685618Z[0m [34mDEBUG[0m  [34mThe file has the following feature sets: {Format: Supported, Lint: Supported, Search: NotRequested, Assist: Supported, Debug: Supported, HtmlFullSupport: FileNotSupported}[0m
    [2;3mat[0m crates/biome_service/src/workspace.rs:246 [2;3mon[0m biome::workspace_worker_2

  [2m2026-02-22T16:44:02.685710Z[0m [32m INFO[0m  [32mPulled 0 diagnostic(s), skipped 0 diagnostic(s) from /home/artu/Desktop/projects/showcases-portfolio/src/components/ui/toggle.tsx[0m
    [2;3mat[0m crates/biome_service/src/workspace/server.rs:1809 [2;3mon[0m biome::workspace_worker_1
    [2;3min[0m [1mpull_diagnostics[0m [2;3mwith[0m [1mrule_categories[0m: [Syntax, Lint, Action], [1mpath[0m: /home/artu/Desktop/projects/showcases-portfolio/src/components/ui/toggle.tsx, [1mproject_key[0m: ProjectKey(1), [1mskip[0m: [], [1monly[0m: []

  [2m2026-02-22T16:44:02.685787Z[0m [32m INFO[0m  [32mPulled 0 diagnostic(s), skipped 0 diagnostic(s) from /home/artu/Desktop/projects/showcases-portfolio/src/components/ui/toggle.tsx[0m
    [2;3mat[0m crates/biome_service/src/workspace/server.rs:1809 [2;3mon[0m biome::workspace_worker_1
    [2;3min[0m [1mpull_diagnostics[0m [2;3mwith[0m [1mrule_categories[0m: [Syntax], [1mpath[0m: /home/artu/Desktop/projects/showcases-portfolio/src/components/ui/toggle.tsx, [1mproject_key[0m: ProjectKey(1), [1mskip[0m: [], [1monly[0m: []

  [2m2026-02-22T16:44:02.685823Z[0m [34mDEBUG[0m  [34mFormat output is different from input: false[0m
    [2;3mat[0m crates/biome_cli/src/runner/impls/process_file/format.rs:106 [2;3mon[0m biome::workspace_worker_9

  [2m2026-02-22T16:44:02.685889Z[0m [34mDEBUG[0m  [34mJsFormatOptions { indent_style: Tab, indent_width: 2, line_ending: Lf, line_width: 100, quote_style: Double, jsx_quote_style: Double, quote_properties: AsNeeded, trailing_commas: All, semicolons: AsNeeded, arrow_parentheses: Always, bracket_spacing: BracketSpacing(true), bracket_same_line: BracketSameLine(false), source_type: JsFileSource { language: TypeScript { definition_file: false }, variant: Jsx, module_kind: Module, version: ES2022, embedding_kind: None }, attribute_position: Auto, expand: Auto, operator_linebreak: After, trailing_newline: TrailingNewline(true) }[0m
    [2;3mat[0m crates/biome_service/src/file_handlers/javascript.rs:1131 [2;3mon[0m biome::workspace_worker_1
    [2;3min[0m [1mformat_file[0m [2;3mwith[0m [1mpath[0m: /home/artu/Desktop/projects/showcases-portfolio/src/components/ui/toggle.tsx

  [2m2026-02-22T16:44:02.685918Z[0m [34mDEBUG[0m  [34mFormat output is different from input: false[0m
    [2;3mat[0m crates/biome_cli/src/runner/impls/process_file/format.rs:106 [2;3mon[0m biome::workspace_worker_11

  [2m2026-02-22T16:44:02.686049Z[0m [34mDEBUG[0m  [34mThe file has the following feature sets: {Format: Supported, Lint: Supported, Search: NotRequested, Assist: Supported, Debug: Supported, HtmlFullSupport: FileNotSupported}[0m
    [2;3mat[0m crates/biome_service/src/workspace.rs:246 [2;3mon[0m biome::workspace_worker_11

  [2m2026-02-22T16:44:02.679855Z[0m [32m INFO[0m  [32mFix file summary result. Errors 0, skipped fixes 0, actions 0[0m
    [2;3mat[0m crates/biome_cli/src/runner/impls/process_file/lint_and_assist.rs:68 [2;3mon[0m biome::workspace_worker_3

  [2m2026-02-22T16:44:02.686176Z[0m [34mDEBUG[0m  [34mFormat output is different from input: false[0m
    [2;3mat[0m crates/biome_cli/src/runner/impls/process_file/format.rs:106 [2;3mon[0m biome::workspace_worker_1

  [2m2026-02-22T16:44:02.686201Z[0m [34mDEBUG[0m  [34mThe file has the following feature sets: {Format: Supported, Lint: Supported, Search: NotRequested, Assist: Supported, Debug: Supported, HtmlFullSupport: FileNotSupported}[0m
    [2;3mat[0m crates/biome_service/src/workspace.rs:246 [2;3mon[0m biome::workspace_worker_9

  [2m2026-02-22T16:44:02.686275Z[0m [34mDEBUG[0m  [34mThe file has the following feature sets: {Format: Supported, Lint: Supported, Search: NotRequested, Assist: Supported, Debug: Supported, HtmlFullSupport: FileNotSupported}[0m
    [2;3mat[0m crates/biome_service/src/workspace.rs:246 [2;3mon[0m biome::workspace_worker_1

  [2m2026-02-22T16:44:02.687124Z[0m [34mDEBUG[0m  [34mFormat output is different from input: false[0m
    [2;3mat[0m crates/biome_cli/src/runner/impls/process_file/format.rs:106 [2;3mon[0m biome::workspace_worker_12

  [2m2026-02-22T16:44:02.687276Z[0m [34mDEBUG[0m  [34mThe file has the following feature sets: {Format: Supported, Lint: Supported, Search: NotRequested, Assist: Supported, Debug: Supported, HtmlFullSupport: FileNotSupported}[0m
    [2;3mat[0m crates/biome_service/src/workspace.rs:246 [2;3mon[0m biome::workspace_worker_12

  [2m2026-02-22T16:44:02.687338Z[0m [32m INFO[0m  [32mPulled 8 diagnostic(s), skipped 0 diagnostic(s) from /home/artu/Desktop/projects/showcases-portfolio/src/app/premium/nutricionista/page.tsx[0m
    [2;3mat[0m crates/biome_service/src/workspace/server.rs:1809 [2;3mon[0m biome::workspace_worker_8
    [2;3min[0m [1mpull_diagnostics[0m [2;3mwith[0m [1mrule_categories[0m: [Syntax, Lint, Action], [1mpath[0m: /home/artu/Desktop/projects/showcases-portfolio/src/app/premium/nutricionista/page.tsx, [1mproject_key[0m: ProjectKey(1), [1mskip[0m: [], [1monly[0m: []

  [2m2026-02-22T16:44:02.687447Z[0m [32m INFO[0m  [32mPulled 0 diagnostic(s), skipped 0 diagnostic(s) from /home/artu/Desktop/projects/showcases-portfolio/src/app/premium/nutricionista/page.tsx[0m
    [2;3mat[0m crates/biome_service/src/workspace/server.rs:1809 [2;3mon[0m biome::workspace_worker_8
    [2;3min[0m [1mpull_diagnostics[0m [2;3mwith[0m [1mrule_categories[0m: [Syntax], [1mpath[0m: /home/artu/Desktop/projects/showcases-portfolio/src/app/premium/nutricionista/page.tsx, [1mproject_key[0m: ProjectKey(1), [1mskip[0m: [], [1monly[0m: []

  [2m2026-02-22T16:44:02.687545Z[0m [34mDEBUG[0m  [34mJsFormatOptions { indent_style: Tab, indent_width: 2, line_ending: Lf, line_width: 100, quote_style: Double, jsx_quote_style: Double, quote_properties: AsNeeded, trailing_commas: All, semicolons: AsNeeded, arrow_parentheses: Always, bracket_spacing: BracketSpacing(true), bracket_same_line: BracketSameLine(false), source_type: JsFileSource { language: TypeScript { definition_file: false }, variant: Jsx, module_kind: Module, version: ES2022, embedding_kind: None }, attribute_position: Auto, expand: Auto, operator_linebreak: After, trailing_newline: TrailingNewline(true) }[0m
    [2;3mat[0m crates/biome_service/src/file_handlers/javascript.rs:1131 [2;3mon[0m biome::workspace_worker_8
    [2;3min[0m [1mformat_file[0m [2;3mwith[0m [1mpath[0m: /home/artu/Desktop/projects/showcases-portfolio/src/app/premium/nutricionista/page.tsx

  [2m2026-02-22T16:44:02.687773Z[0m [32m INFO[0m  [32mFix file summary result. Errors 0, skipped fixes 0, actions 0[0m
    [2;3mat[0m crates/biome_cli/src/runner/impls/process_file/lint_and_assist.rs:68 [2;3mon[0m biome::workspace_worker_7

  [2m2026-02-22T16:44:02.687793Z[0m [32m INFO[0m  [32mFix file summary result. Errors 0, skipped fixes 0, actions 0[0m
    [2;3mat[0m crates/biome_cli/src/runner/impls/process_file/lint_and_assist.rs:68 [2;3mon[0m biome::workspace_worker_0

  [2m2026-02-22T16:44:02.689000Z[0m [32m INFO[0m  [32mFix file summary result. Errors 0, skipped fixes 0, actions 0[0m
    [2;3mat[0m crates/biome_cli/src/runner/impls/process_file/lint_and_assist.rs:68 [2;3mon[0m biome::workspace_worker_11

  [2m2026-02-22T16:44:02.689168Z[0m [32m INFO[0m  [32mPulled 11 diagnostic(s), skipped 0 diagnostic(s) from /home/artu/Desktop/projects/showcases-portfolio/src/app/premium/cafeteria/components/client.tsx[0m
    [2;3mat[0m crates/biome_service/src/workspace/server.rs:1809 [2;3mon[0m biome::workspace_worker_5
    [2;3min[0m [1mpull_diagnostics[0m [2;3mwith[0m [1mrule_categories[0m: [Syntax, Lint, Action], [1mpath[0m: /home/artu/Desktop/projects/showcases-portfolio/src/app/premium/cafeteria/components/client.tsx, [1mproject_key[0m: ProjectKey(1), [1mskip[0m: [], [1monly[0m: []

  [2m2026-02-22T16:44:02.689286Z[0m [34mDEBUG[0m  [34mFormat output is different from input: false[0m
    [2;3mat[0m crates/biome_cli/src/runner/impls/process_file/format.rs:106 [2;3mon[0m biome::workspace_worker_8

  [2m2026-02-22T16:44:02.689322Z[0m [32m INFO[0m  [32mPulled 0 diagnostic(s), skipped 0 diagnostic(s) from /home/artu/Desktop/projects/showcases-portfolio/src/app/premium/cafeteria/components/client.tsx[0m
    [2;3mat[0m crates/biome_service/src/workspace/server.rs:1809 [2;3mon[0m biome::workspace_worker_5
    [2;3min[0m [1mpull_diagnostics[0m [2;3mwith[0m [1mrule_categories[0m: [Syntax], [1mpath[0m: /home/artu/Desktop/projects/showcases-portfolio/src/app/premium/cafeteria/components/client.tsx, [1mproject_key[0m: ProjectKey(1), [1mskip[0m: [], [1monly[0m: []

  [2m2026-02-22T16:44:02.689409Z[0m [34mDEBUG[0m  [34mJsFormatOptions { indent_style: Tab, indent_width: 2, line_ending: Lf, line_width: 100, quote_style: Double, jsx_quote_style: Double, quote_properties: AsNeeded, trailing_commas: All, semicolons: AsNeeded, arrow_parentheses: Always, bracket_spacing: BracketSpacing(true), bracket_same_line: BracketSameLine(false), source_type: JsFileSource { language: TypeScript { definition_file: false }, variant: Jsx, module_kind: Module, version: ES2022, embedding_kind: None }, attribute_position: Auto, expand: Auto, operator_linebreak: After, trailing_newline: TrailingNewline(true) }[0m
    [2;3mat[0m crates/biome_service/src/file_handlers/javascript.rs:1131 [2;3mon[0m biome::workspace_worker_5
    [2;3min[0m [1mformat_file[0m [2;3mwith[0m [1mpath[0m: /home/artu/Desktop/projects/showcases-portfolio/src/app/premium/cafeteria/components/client.tsx

  [2m2026-02-22T16:44:02.689643Z[0m [32m INFO[0m  [32mFix file summary result. Errors 0, skipped fixes 0, actions 0[0m
    [2;3mat[0m crates/biome_cli/src/runner/impls/process_file/lint_and_assist.rs:68 [2;3mon[0m biome::workspace_worker_17

  [2m2026-02-22T16:44:02.689725Z[0m [34mDEBUG[0m  [34mThe file has the following feature sets: {Format: Supported, Lint: Supported, Search: NotRequested, Assist: Supported, Debug: Supported, HtmlFullSupport: FileNotSupported}[0m
    [2;3mat[0m crates/biome_service/src/workspace.rs:246 [2;3mon[0m biome::workspace_worker_8

  [2m2026-02-22T16:44:02.689739Z[0m [32m INFO[0m  [32mFix file summary result. Errors 0, skipped fixes 0, actions 0[0m
    [2;3mat[0m crates/biome_cli/src/runner/impls/process_file/lint_and_assist.rs:68 [2;3mon[0m biome::workspace_worker_1

  [2m2026-02-22T16:44:02.689887Z[0m [32m INFO[0m  [32mPulled 0 diagnostic(s), skipped 0 diagnostic(s) from /home/artu/Desktop/projects/showcases-portfolio/src/components/ui/alert-dialog.tsx[0m
    [2;3mat[0m crates/biome_service/src/workspace/server.rs:1809 [2;3mon[0m biome::workspace_worker_3
    [2;3min[0m [1mpull_diagnostics[0m [2;3mwith[0m [1mrule_categories[0m: [Syntax, Lint, Action], [1mpath[0m: /home/artu/Desktop/projects/showcases-portfolio/src/components/ui/alert-dialog.tsx, [1mproject_key[0m: ProjectKey(1), [1mskip[0m: [], [1monly[0m: []

  [2m2026-02-22T16:44:02.690054Z[0m [32m INFO[0m  [32mPulled 0 diagnostic(s), skipped 0 diagnostic(s) from /home/artu/Desktop/projects/showcases-portfolio/src/components/ui/alert-dialog.tsx[0m
    [2;3mat[0m crates/biome_service/src/workspace/server.rs:1809 [2;3mon[0m biome::workspace_worker_3
    [2;3min[0m [1mpull_diagnostics[0m [2;3mwith[0m [1mrule_categories[0m: [Syntax], [1mpath[0m: /home/artu/Desktop/projects/showcases-portfolio/src/components/ui/alert-dialog.tsx, [1mproject_key[0m: ProjectKey(1), [1mskip[0m: [], [1monly[0m: []

  [2m2026-02-22T16:44:02.690240Z[0m [34mDEBUG[0m  [34mJsFormatOptions { indent_style: Tab, indent_width: 2, line_ending: Lf, line_width: 100, quote_style: Double, jsx_quote_style: Double, quote_properties: AsNeeded, trailing_commas: All, semicolons: AsNeeded, arrow_parentheses: Always, bracket_spacing: BracketSpacing(true), bracket_same_line: BracketSameLine(false), source_type: JsFileSource { language: TypeScript { definition_file: false }, variant: Jsx, module_kind: Module, version: ES2022, embedding_kind: None }, attribute_position: Auto, expand: Auto, operator_linebreak: After, trailing_newline: TrailingNewline(true) }[0m
    [2;3mat[0m crates/biome_service/src/file_handlers/javascript.rs:1131 [2;3mon[0m biome::workspace_worker_3
    [2;3min[0m [1mformat_file[0m [2;3mwith[0m [1mpath[0m: /home/artu/Desktop/projects/showcases-portfolio/src/components/ui/alert-dialog.tsx

  [2m2026-02-22T16:44:02.690274Z[0m [32m INFO[0m  [32mFix file summary result. Errors 0, skipped fixes 0, actions 0[0m
    [2;3mat[0m crates/biome_cli/src/runner/impls/process_file/lint_and_assist.rs:68 [2;3mon[0m biome::workspace_worker_4

  [2m2026-02-22T16:44:02.690481Z[0m [32m INFO[0m  [32mPulled 0 diagnostic(s), skipped 0 diagnostic(s) from /home/artu/Desktop/projects/showcases-portfolio/src/components/ui/card.tsx[0m
    [2;3mat[0m crates/biome_service/src/workspace/server.rs:1809 [2;3mon[0m biome::workspace_worker_7
    [2;3min[0m [1mpull_diagnostics[0m [2;3mwith[0m [1mrule_categories[0m: [Syntax, Lint, Action], [1mpath[0m: /home/artu/Desktop/projects/showcases-portfolio/src/components/ui/card.tsx, [1mproject_key[0m: ProjectKey(1), [1mskip[0m: [], [1monly[0m: []

  [2m2026-02-22T16:44:02.690710Z[0m [32m INFO[0m  [32mPulled 0 diagnostic(s), skipped 0 diagnostic(s) from /home/artu/Desktop/projects/showcases-portfolio/src/components/ui/card.tsx[0m
    [2;3mat[0m crates/biome_service/src/workspace/server.rs:1809 [2;3mon[0m biome::workspace_worker_7
    [2;3min[0m [1mpull_diagnostics[0m [2;3mwith[0m [1mrule_categories[0m: [Syntax], [1mpath[0m: /home/artu/Desktop/projects/showcases-portfolio/src/components/ui/card.tsx, [1mproject_key[0m: ProjectKey(1), [1mskip[0m: [], [1monly[0m: []

  [2m2026-02-22T16:44:02.690903Z[0m [34mDEBUG[0m  [34mJsFormatOptions { indent_style: Tab, indent_width: 2, line_ending: Lf, line_width: 100, quote_style: Double, jsx_quote_style: Double, quote_properties: AsNeeded, trailing_commas: All, semicolons: AsNeeded, arrow_parentheses: Always, bracket_spacing: BracketSpacing(true), bracket_same_line: BracketSameLine(false), source_type: JsFileSource { language: TypeScript { definition_file: false }, variant: Jsx, module_kind: Module, version: ES2022, embedding_kind: None }, attribute_position: Auto, expand: Auto, operator_linebreak: After, trailing_newline: TrailingNewline(true) }[0m
    [2;3mat[0m crates/biome_service/src/file_handlers/javascript.rs:1131 [2;3mon[0m biome::workspace_worker_7
    [2;3min[0m [1mformat_file[0m [2;3mwith[0m [1mpath[0m: /home/artu/Desktop/projects/showcases-portfolio/src/components/ui/card.tsx

  [2m2026-02-22T16:44:02.691037Z[0m [32m INFO[0m  [32mFix file summary result. Errors 0, skipped fixes 0, actions 0[0m
    [2;3mat[0m crates/biome_cli/src/runner/impls/process_file/lint_and_assist.rs:68 [2;3mon[0m biome::workspace_worker_9

  [2m2026-02-22T16:44:02.691498Z[0m [34mDEBUG[0m  [34mFormat output is different from input: false[0m
    [2;3mat[0m crates/biome_cli/src/runner/impls/process_file/format.rs:106 [2;3mon[0m biome::workspace_worker_3

  [2m2026-02-22T16:44:02.691615Z[0m [32m INFO[0m  [32mPulled 0 diagnostic(s), skipped 0 diagnostic(s) from /home/artu/Desktop/projects/showcases-portfolio/src/components/ui/button-group.tsx[0m
    [2;3mat[0m crates/biome_service/src/workspace/server.rs:1809 [2;3mon[0m biome::workspace_worker_0
    [2;3min[0m [1mpull_diagnostics[0m [2;3mwith[0m [1mrule_categories[0m: [Syntax, Lint, Action], [1mpath[0m: /home/artu/Desktop/projects/showcases-portfolio/src/components/ui/button-group.tsx, [1mproject_key[0m: ProjectKey(1), [1mskip[0m: [], [1monly[0m: []

  [2m2026-02-22T16:44:02.691929Z[0m [32m INFO[0m  [32mPulled 0 diagnostic(s), skipped 0 diagnostic(s) from /home/artu/Desktop/projects/showcases-portfolio/src/components/ui/toggle-group.tsx[0m
    [2;3mat[0m crates/biome_service/src/workspace/server.rs:1809 [2;3mon[0m biome::workspace_worker_1
    [2;3min[0m [1mpull_diagnostics[0m [2;3mwith[0m [1mrule_categories[0m: [Syntax, Lint, Action], [1mpath[0m: /home/artu/Desktop/projects/showcases-portfolio/src/components/ui/toggle-group.tsx, [1mproject_key[0m: ProjectKey(1), [1mskip[0m: [], [1monly[0m: []

  [2m2026-02-22T16:44:02.691960Z[0m [32m INFO[0m  [32mPulled 0 diagnostic(s), skipped 0 diagnostic(s) from /home/artu/Desktop/projects/showcases-portfolio/src/components/ui/button-group.tsx[0m
    [2;3mat[0m crates/biome_service/src/workspace/server.rs:1809 [2;3mon[0m biome::workspace_worker_0
    [2;3min[0m [1mpull_diagnostics[0m [2;3mwith[0m [1mrule_categories[0m: [Syntax], [1mpath[0m: /home/artu/Desktop/projects/showcases-portfolio/src/components/ui/button-group.tsx, [1mproject_key[0m: ProjectKey(1), [1mskip[0m: [], [1monly[0m: []

  [2m2026-02-22T16:44:02.692034Z[0m [32m INFO[0m  [32mPulled 0 diagnostic(s), skipped 0 diagnostic(s) from /home/artu/Desktop/projects/showcases-portfolio/src/components/ui/toggle-group.tsx[0m
    [2;3mat[0m crates/biome_service/src/workspace/server.rs:1809 [2;3mon[0m biome::workspace_worker_1
    [2;3min[0m [1mpull_diagnostics[0m [2;3mwith[0m [1mrule_categories[0m: [Syntax], [1mpath[0m: /home/artu/Desktop/projects/showcases-portfolio/src/components/ui/toggle-group.tsx, [1mproject_key[0m: ProjectKey(1), [1mskip[0m: [], [1monly[0m: []

  [2m2026-02-22T16:44:02.691817Z[0m [34mDEBUG[0m  [34mFormat output is different from input: false[0m
    [2;3mat[0m crates/biome_cli/src/runner/impls/process_file/format.rs:106 [2;3mon[0m biome::workspace_worker_7

  [2m2026-02-22T16:44:02.691862Z[0m [34mDEBUG[0m  [34mThe file has the following feature sets: {Format: Supported, Lint: Supported, Search: NotRequested, Assist: Supported, Debug: Supported, HtmlFullSupport: FileNotSupported}[0m
    [2;3mat[0m crates/biome_service/src/workspace.rs:246 [2;3mon[0m biome::workspace_worker_3

  [2m2026-02-22T16:44:02.692301Z[0m [34mDEBUG[0m  [34mThe file has the following feature sets: {Format: Supported, Lint: Supported, Search: NotRequested, Assist: Supported, Debug: Supported, HtmlFullSupport: FileNotSupported}[0m
    [2;3mat[0m crates/biome_service/src/workspace.rs:246 [2;3mon[0m biome::workspace_worker_7

  [2m2026-02-22T16:44:02.693291Z[0m [32m INFO[0m  [32mFix file summary result. Errors 0, skipped fixes 0, actions 0[0m
    [2;3mat[0m crates/biome_cli/src/runner/impls/process_file/lint_and_assist.rs:68 [2;3mon[0m biome::workspace_worker_13

  [2m2026-02-22T16:44:02.694266Z[0m [32m INFO[0m  [32mFix file summary result. Errors 0, skipped fixes 0, actions 0[0m
    [2;3mat[0m crates/biome_cli/src/runner/impls/process_file/lint_and_assist.rs:68 [2;3mon[0m biome::workspace_worker_6

  [2m2026-02-22T16:44:02.694380Z[0m [34mDEBUG[0m  [34mFormat output is different from input: false[0m
    [2;3mat[0m crates/biome_cli/src/runner/impls/process_file/format.rs:106 [2;3mon[0m biome::workspace_worker_5

  [2m2026-02-22T16:44:02.694485Z[0m [32m INFO[0m  [32mPulled 0 diagnostic(s), skipped 0 diagnostic(s) from /home/artu/Desktop/projects/showcases-portfolio/src/components/ui/collapsible.tsx[0m
    [2;3mat[0m crates/biome_service/src/workspace/server.rs:1809 [2;3mon[0m biome::workspace_worker_11
    [2;3min[0m [1mpull_diagnostics[0m [2;3mwith[0m [1mrule_categories[0m: [Syntax, Lint, Action], [1mpath[0m: /home/artu/Desktop/projects/showcases-portfolio/src/components/ui/collapsible.tsx, [1mproject_key[0m: ProjectKey(1), [1mskip[0m: [], [1monly[0m: []

  [2m2026-02-22T16:44:02.694591Z[0m [32m INFO[0m  [32mPulled 0 diagnostic(s), skipped 0 diagnostic(s) from /home/artu/Desktop/projects/showcases-portfolio/src/components/ui/collapsible.tsx[0m
    [2;3mat[0m crates/biome_service/src/workspace/server.rs:1809 [2;3mon[0m biome::workspace_worker_11
    [2;3min[0m [1mpull_diagnostics[0m [2;3mwith[0m [1mrule_categories[0m: [Syntax], [1mpath[0m: /home/artu/Desktop/projects/showcases-portfolio/src/components/ui/collapsible.tsx, [1mproject_key[0m: ProjectKey(1), [1mskip[0m: [], [1monly[0m: []

  [2m2026-02-22T16:44:02.694664Z[0m [34mDEBUG[0m  [34mJsFormatOptions { indent_style: Tab, indent_width: 2, line_ending: Lf, line_width: 100, quote_style: Double, jsx_quote_style: Double, quote_properties: AsNeeded, trailing_commas: All, semicolons: AsNeeded, arrow_parentheses: Always, bracket_spacing: BracketSpacing(true), bracket_same_line: BracketSameLine(false), source_type: JsFileSource { language: TypeScript { definition_file: false }, variant: Jsx, module_kind: Module, version: ES2022, embedding_kind: None }, attribute_position: Auto, expand: Auto, operator_linebreak: After, trailing_newline: TrailingNewline(true) }[0m
    [2;3mat[0m crates/biome_service/src/file_handlers/javascript.rs:1131 [2;3mon[0m biome::workspace_worker_11
    [2;3min[0m [1mformat_file[0m [2;3mwith[0m [1mpath[0m: /home/artu/Desktop/projects/showcases-portfolio/src/components/ui/collapsible.tsx

  [2m2026-02-22T16:44:02.694777Z[0m [32m INFO[0m  [32mPulled 0 diagnostic(s), skipped 0 diagnostic(s) from /home/artu/Desktop/projects/showcases-portfolio/src/components/ui/checkbox.tsx[0m
    [2;3mat[0m crates/biome_service/src/workspace/server.rs:1809 [2;3mon[0m biome::workspace_worker_9
    [2;3min[0m [1mpull_diagnostics[0m [2;3mwith[0m [1mrule_categories[0m: [Syntax, Lint, Action], [1mpath[0m: /home/artu/Desktop/projects/showcases-portfolio/src/components/ui/checkbox.tsx, [1mproject_key[0m: ProjectKey(1), [1mskip[0m: [], [1monly[0m: []

  [2m2026-02-22T16:44:02.694874Z[0m [34mDEBUG[0m  [34mFormat output is different from input: false[0m
    [2;3mat[0m crates/biome_cli/src/runner/impls/process_file/format.rs:106 [2;3mon[0m biome::workspace_worker_11

  [2m2026-02-22T16:44:02.694904Z[0m [32m INFO[0m  [32mPulled 0 diagnostic(s), skipped 0 diagnostic(s) from /home/artu/Desktop/projects/showcases-portfolio/src/components/ui/checkbox.tsx[0m
    [2;3mat[0m crates/biome_service/src/workspace/server.rs:1809 [2;3mon[0m biome::workspace_worker_9
    [2;3min[0m [1mpull_diagnostics[0m [2;3mwith[0m [1mrule_categories[0m: [Syntax], [1mpath[0m: /home/artu/Desktop/projects/showcases-portfolio/src/components/ui/checkbox.tsx, [1mproject_key[0m: ProjectKey(1), [1mskip[0m: [], [1monly[0m: []

  [2m2026-02-22T16:44:02.694980Z[0m [34mDEBUG[0m  [34mThe file has the following feature sets: {Format: Supported, Lint: Supported, Search: NotRequested, Assist: Supported, Debug: Supported, HtmlFullSupport: FileNotSupported}[0m
    [2;3mat[0m crates/biome_service/src/workspace.rs:246 [2;3mon[0m biome::workspace_worker_11

  [2m2026-02-22T16:44:02.692142Z[0m [34mDEBUG[0m  [34mJsFormatOptions { indent_style: Tab, indent_width: 2, line_ending: Lf, line_width: 100, quote_style: Double, jsx_quote_style: Double, quote_properties: AsNeeded, trailing_commas: All, semicolons: AsNeeded, arrow_parentheses: Always, bracket_spacing: BracketSpacing(true), bracket_same_line: BracketSameLine(false), source_type: JsFileSource { language: TypeScript { definition_file: false }, variant: Jsx, module_kind: Module, version: ES2022, embedding_kind: None }, attribute_position: Auto, expand: Auto, operator_linebreak: After, trailing_newline: TrailingNewline(true) }[0m
    [2;3mat[0m crates/biome_service/src/file_handlers/javascript.rs:1131 [2;3mon[0m biome::workspace_worker_0
    [2;3min[0m [1mformat_file[0m [2;3mwith[0m [1mpath[0m: /home/artu/Desktop/projects/showcases-portfolio/src/components/ui/button-group.tsx

  [2m2026-02-22T16:44:02.694509Z[0m [34mDEBUG[0m  [34mThe file has the following feature sets: {Format: Supported, Lint: Supported, Search: NotRequested, Assist: Supported, Debug: Supported, HtmlFullSupport: FileNotSupported}[0m
    [2;3mat[0m crates/biome_service/src/workspace.rs:246 [2;3mon[0m biome::workspace_worker_5

  [2m2026-02-22T16:44:02.692131Z[0m [34mDEBUG[0m  [34mJsFormatOptions { indent_style: Tab, indent_width: 2, line_ending: Lf, line_width: 100, quote_style: Double, jsx_quote_style: Double, quote_properties: AsNeeded, trailing_commas: All, semicolons: AsNeeded, arrow_parentheses: Always, bracket_spacing: BracketSpacing(true), bracket_same_line: BracketSameLine(false), source_type: JsFileSource { language: TypeScript { definition_file: false }, variant: Jsx, module_kind: Module, version: ES2022, embedding_kind: None }, attribute_position: Auto, expand: Auto, operator_linebreak: After, trailing_newline: TrailingNewline(true) }[0m
    [2;3mat[0m crates/biome_service/src/file_handlers/javascript.rs:1131 [2;3mon[0m biome::workspace_worker_1
    [2;3min[0m [1mformat_file[0m [2;3mwith[0m [1mpath[0m: /home/artu/Desktop/projects/showcases-portfolio/src/components/ui/toggle-group.tsx

  [2m2026-02-22T16:44:02.695100Z[0m [34mDEBUG[0m  [34mJsFormatOptions { indent_style: Tab, indent_width: 2, line_ending: Lf, line_width: 100, quote_style: Double, jsx_quote_style: Double, quote_properties: AsNeeded, trailing_commas: All, semicolons: AsNeeded, arrow_parentheses: Always, bracket_spacing: BracketSpacing(true), bracket_same_line: BracketSameLine(false), source_type: JsFileSource { language: TypeScript { definition_file: false }, variant: Jsx, module_kind: Module, version: ES2022, embedding_kind: None }, attribute_position: Auto, expand: Auto, operator_linebreak: After, trailing_newline: TrailingNewline(true) }[0m
    [2;3mat[0m crates/biome_service/src/file_handlers/javascript.rs:1131 [2;3mon[0m biome::workspace_worker_9
    [2;3min[0m [1mformat_file[0m [2;3mwith[0m [1mpath[0m: /home/artu/Desktop/projects/showcases-portfolio/src/components/ui/checkbox.tsx

  [2m2026-02-22T16:44:02.695524Z[0m [34mDEBUG[0m  [34mFormat output is different from input: false[0m
    [2;3mat[0m crates/biome_cli/src/runner/impls/process_file/format.rs:106 [2;3mon[0m biome::workspace_worker_0

  [2m2026-02-22T16:44:02.695627Z[0m [34mDEBUG[0m  [34mThe file has the following feature sets: {Format: Supported, Lint: Supported, Search: NotRequested, Assist: Supported, Debug: Supported, HtmlFullSupport: FileNotSupported}[0m
    [2;3mat[0m crates/biome_service/src/workspace.rs:246 [2;3mon[0m biome::workspace_worker_0

  [2m2026-02-22T16:44:02.695640Z[0m [34mDEBUG[0m  [34mFormat output is different from input: false[0m
    [2;3mat[0m crates/biome_cli/src/runner/impls/process_file/format.rs:106 [2;3mon[0m biome::workspace_worker_16

  [2m2026-02-22T16:44:02.695771Z[0m [34mDEBUG[0m  [34mThe file has the following feature sets: {Format: Supported, Lint: Supported, Search: NotRequested, Assist: Supported, Debug: Supported, HtmlFullSupport: FileNotSupported}[0m
    [2;3mat[0m crates/biome_service/src/workspace.rs:246 [2;3mon[0m biome::workspace_worker_16

  [2m2026-02-22T16:44:02.695876Z[0m [34mDEBUG[0m  [34mFormat output is different from input: false[0m
    [2;3mat[0m crates/biome_cli/src/runner/impls/process_file/format.rs:106 [2;3mon[0m biome::workspace_worker_9

  [2m2026-02-22T16:44:02.695892Z[0m [34mDEBUG[0m  [34mFormat output is different from input: false[0m
    [2;3mat[0m crates/biome_cli/src/runner/impls/process_file/format.rs:106 [2;3mon[0m biome::workspace_worker_1

  [2m2026-02-22T16:44:02.696117Z[0m [34mDEBUG[0m  [34mThe file has the following feature sets: {Format: Supported, Lint: Supported, Search: NotRequested, Assist: Supported, Debug: Supported, HtmlFullSupport: FileNotSupported}[0m
    [2;3mat[0m crates/biome_service/src/workspace.rs:246 [2;3mon[0m biome::workspace_worker_1

  [2m2026-02-22T16:44:02.696335Z[0m [32m INFO[0m  [32mFix file summary result. Errors 0, skipped fixes 0, actions 0[0m
    [2;3mat[0m crates/biome_cli/src/runner/impls/process_file/lint_and_assist.rs:68 [2;3mon[0m biome::workspace_worker_12

  [2m2026-02-22T16:44:02.696362Z[0m [32m INFO[0m  [32mPulled 0 diagnostic(s), skipped 0 diagnostic(s) from /home/artu/Desktop/projects/showcases-portfolio/src/components/ui/breadcrumb.tsx[0m
    [2;3mat[0m crates/biome_service/src/workspace/server.rs:1809 [2;3mon[0m biome::workspace_worker_17
    [2;3min[0m [1mpull_diagnostics[0m [2;3mwith[0m [1mrule_categories[0m: [Syntax, Lint, Action], [1mpath[0m: /home/artu/Desktop/projects/showcases-portfolio/src/components/ui/breadcrumb.tsx, [1mproject_key[0m: ProjectKey(1), [1mskip[0m: [], [1monly[0m: []

  [2m2026-02-22T16:44:02.696481Z[0m [32m INFO[0m  [32mPulled 0 diagnostic(s), skipped 0 diagnostic(s) from /home/artu/Desktop/projects/showcases-portfolio/src/components/ui/breadcrumb.tsx[0m
    [2;3mat[0m crates/biome_service/src/workspace/server.rs:1809 [2;3mon[0m biome::workspace_worker_17
    [2;3min[0m [1mpull_diagnostics[0m [2;3mwith[0m [1mrule_categories[0m: [Syntax], [1mpath[0m: /home/artu/Desktop/projects/showcases-portfolio/src/components/ui/breadcrumb.tsx, [1mproject_key[0m: ProjectKey(1), [1mskip[0m: [], [1monly[0m: []

  [2m2026-02-22T16:44:02.696381Z[0m [32m INFO[0m  [32mPulled 0 diagnostic(s), skipped 0 diagnostic(s) from /home/artu/Desktop/projects/showcases-portfolio/src/components/ui/button.tsx[0m
    [2;3mat[0m crates/biome_service/src/workspace/server.rs:1809 [2;3mon[0m biome::workspace_worker_6
    [2;3min[0m [1mpull_diagnostics[0m [2;3mwith[0m [1mrule_categories[0m: [Syntax, Lint, Action], [1mpath[0m: /home/artu/Desktop/projects/showcases-portfolio/src/components/ui/button.tsx, [1mproject_key[0m: ProjectKey(1), [1mskip[0m: [], [1monly[0m: []

  [2m2026-02-22T16:44:02.696681Z[0m [32m INFO[0m  [32mPulled 0 diagnostic(s), skipped 0 diagnostic(s) from /home/artu/Desktop/projects/showcases-portfolio/src/components/ui/button.tsx[0m
    [2;3mat[0m crates/biome_service/src/workspace/server.rs:1809 [2;3mon[0m biome::workspace_worker_6
    [2;3min[0m [1mpull_diagnostics[0m [2;3mwith[0m [1mrule_categories[0m: [Syntax], [1mpath[0m: /home/artu/Desktop/projects/showcases-portfolio/src/components/ui/button.tsx, [1mproject_key[0m: ProjectKey(1), [1mskip[0m: [], [1monly[0m: []

  [2m2026-02-22T16:44:02.696582Z[0m [34mDEBUG[0m  [34mJsFormatOptions { indent_style: Tab, indent_width: 2, line_ending: Lf, line_width: 100, quote_style: Double, jsx_quote_style: Double, quote_properties: AsNeeded, trailing_commas: All, semicolons: AsNeeded, arrow_parentheses: Always, bracket_spacing: BracketSpacing(true), bracket_same_line: BracketSameLine(false), source_type: JsFileSource { language: TypeScript { definition_file: false }, variant: Jsx, module_kind: Module, version: ES2022, embedding_kind: None }, attribute_position: Auto, expand: Auto, operator_linebreak: After, trailing_newline: TrailingNewline(true) }[0m
    [2;3mat[0m crates/biome_service/src/file_handlers/javascript.rs:1131 [2;3mon[0m biome::workspace_worker_17
    [2;3min[0m [1mformat_file[0m [2;3mwith[0m [1mpath[0m: /home/artu/Desktop/projects/showcases-portfolio/src/components/ui/breadcrumb.tsx

  [2m2026-02-22T16:44:02.696750Z[0m [34mDEBUG[0m  [34mJsFormatOptions { indent_style: Tab, indent_width: 2, line_ending: Lf, line_width: 100, quote_style: Double, jsx_quote_style: Double, quote_properties: AsNeeded, trailing_commas: All, semicolons: AsNeeded, arrow_parentheses: Always, bracket_spacing: BracketSpacing(true), bracket_same_line: BracketSameLine(false), source_type: JsFileSource { language: TypeScript { definition_file: false }, variant: Jsx, module_kind: Module, version: ES2022, embedding_kind: None }, attribute_position: Auto, expand: Auto, operator_linebreak: After, trailing_newline: TrailingNewline(true) }[0m
    [2;3mat[0m crates/biome_service/src/file_handlers/javascript.rs:1131 [2;3mon[0m biome::workspace_worker_6
    [2;3min[0m [1mformat_file[0m [2;3mwith[0m [1mpath[0m: /home/artu/Desktop/projects/showcases-portfolio/src/components/ui/button.tsx

  [2m2026-02-22T16:44:02.697197Z[0m [34mDEBUG[0m  [34mFormat output is different from input: false[0m
    [2;3mat[0m crates/biome_cli/src/runner/impls/process_file/format.rs:106 [2;3mon[0m biome::workspace_worker_6

  [2m2026-02-22T16:44:02.697323Z[0m [34mDEBUG[0m  [34mThe file has the following feature sets: {Format: Supported, Lint: Supported, Search: NotRequested, Assist: Supported, Debug: Supported, HtmlFullSupport: FileNotSupported}[0m
    [2;3mat[0m crates/biome_service/src/workspace.rs:246 [2;3mon[0m biome::workspace_worker_6

  [2m2026-02-22T16:44:02.697355Z[0m [34mDEBUG[0m  [34mFormat output is different from input: false[0m
    [2;3mat[0m crates/biome_cli/src/runner/impls/process_file/format.rs:106 [2;3mon[0m biome::workspace_worker_17

  [2m2026-02-22T16:44:02.697457Z[0m [34mDEBUG[0m  [34mThe file has the following feature sets: {Format: Supported, Lint: Supported, Search: NotRequested, Assist: Supported, Debug: Supported, HtmlFullSupport: FileNotSupported}[0m
    [2;3mat[0m crates/biome_service/src/workspace.rs:246 [2;3mon[0m biome::workspace_worker_17

  [2m2026-02-22T16:44:02.699190Z[0m [32m INFO[0m  [32mFix file summary result. Errors 0, skipped fixes 0, actions 0[0m
    [2;3mat[0m crates/biome_cli/src/runner/impls/process_file/lint_and_assist.rs:68 [2;3mon[0m biome::workspace_worker_2

  [2m2026-02-22T16:44:02.699356Z[0m [34mDEBUG[0m  [34mThe file has the following feature sets: {Format: Supported, Lint: Supported, Search: NotRequested, Assist: Supported, Debug: Supported, HtmlFullSupport: FileNotSupported}[0m
    [2;3mat[0m crates/biome_service/src/workspace.rs:246 [2;3mon[0m biome::workspace_worker_9

  [2m2026-02-22T16:44:02.699689Z[0m [32m INFO[0m  [32mFix file summary result. Errors 0, skipped fixes 0, actions 0[0m
    [2;3mat[0m crates/biome_cli/src/runner/impls/process_file/lint_and_assist.rs:68 [2;3mon[0m biome::workspace_worker_7

  [2m2026-02-22T16:44:02.700305Z[0m [32m INFO[0m  [32mPulled 0 diagnostic(s), skipped 0 diagnostic(s) from /home/artu/Desktop/projects/showcases-portfolio/src/components/ui/combobox.tsx[0m
    [2;3mat[0m crates/biome_service/src/workspace/server.rs:1809 [2;3mon[0m biome::workspace_worker_12
    [2;3min[0m [1mpull_diagnostics[0m [2;3mwith[0m [1mrule_categories[0m: [Syntax, Lint, Action], [1mpath[0m: /home/artu/Desktop/projects/showcases-portfolio/src/components/ui/combobox.tsx, [1mproject_key[0m: ProjectKey(1), [1mskip[0m: [], [1monly[0m: []

  [2m2026-02-22T16:44:02.700469Z[0m [32m INFO[0m  [32mPulled 0 diagnostic(s), skipped 0 diagnostic(s) from /home/artu/Desktop/projects/showcases-portfolio/src/components/ui/calendar.tsx[0m
    [2;3mat[0m crates/biome_service/src/workspace/server.rs:1809 [2;3mon[0m biome::workspace_worker_4
    [2;3min[0m [1mpull_diagnostics[0m [2;3mwith[0m [1mrule_categories[0m: [Syntax, Lint, Action], [1mpath[0m: /home/artu/Desktop/projects/showcases-portfolio/src/components/ui/calendar.tsx, [1mproject_key[0m: ProjectKey(1), [1mskip[0m: [], [1monly[0m: []

  [2m2026-02-22T16:44:02.700681Z[0m [32m INFO[0m  [32mPulled 0 diagnostic(s), skipped 0 diagnostic(s) from /home/artu/Desktop/projects/showcases-portfolio/src/components/ui/calendar.tsx[0m
    [2;3mat[0m crates/biome_service/src/workspace/server.rs:1809 [2;3mon[0m biome::workspace_worker_4
    [2;3min[0m [1mpull_diagnostics[0m [2;3mwith[0m [1mrule_categories[0m: [Syntax], [1mpath[0m: /home/artu/Desktop/projects/showcases-portfolio/src/components/ui/calendar.tsx, [1mproject_key[0m: ProjectKey(1), [1mskip[0m: [], [1monly[0m: []

  [2m2026-02-22T16:44:02.700744Z[0m [32m INFO[0m  [32mFix file summary result. Errors 0, skipped fixes 0, actions 0[0m
    [2;3mat[0m crates/biome_cli/src/runner/impls/process_file/lint_and_assist.rs:68 [2;3mon[0m biome::workspace_worker_3

  [2m2026-02-22T16:44:02.700780Z[0m [34mDEBUG[0m  [34mJsFormatOptions { indent_style: Tab, indent_width: 2, line_ending: Lf, line_width: 100, quote_style: Double, jsx_quote_style: Double, quote_properties: AsNeeded, trailing_commas: All, semicolons: AsNeeded, arrow_parentheses: Always, bracket_spacing: BracketSpacing(true), bracket_same_line: BracketSameLine(false), source_type: JsFileSource { language: TypeScript { definition_file: false }, variant: Jsx, module_kind: Module, version: ES2022, embedding_kind: None }, attribute_position: Auto, expand: Auto, operator_linebreak: After, trailing_newline: TrailingNewline(true) }[0m
    [2;3mat[0m crates/biome_service/src/file_handlers/javascript.rs:1131 [2;3mon[0m biome::workspace_worker_4
    [2;3min[0m [1mformat_file[0m [2;3mwith[0m [1mpath[0m: /home/artu/Desktop/projects/showcases-portfolio/src/components/ui/calendar.tsx

  [2m2026-02-22T16:44:02.700599Z[0m [32m INFO[0m  [32mPulled 0 diagnostic(s), skipped 0 diagnostic(s) from /home/artu/Desktop/projects/showcases-portfolio/src/components/ui/combobox.tsx[0m
    [2;3mat[0m crates/biome_service/src/workspace/server.rs:1809 [2;3mon[0m biome::workspace_worker_12
    [2;3min[0m [1mpull_diagnostics[0m [2;3mwith[0m [1mrule_categories[0m: [Syntax], [1mpath[0m: /home/artu/Desktop/projects/showcases-portfolio/src/components/ui/combobox.tsx, [1mproject_key[0m: ProjectKey(1), [1mskip[0m: [], [1monly[0m: []

  [2m2026-02-22T16:44:02.700894Z[0m [34mDEBUG[0m  [34mJsFormatOptions { indent_style: Tab, indent_width: 2, line_ending: Lf, line_width: 100, quote_style: Double, jsx_quote_style: Double, quote_properties: AsNeeded, trailing_commas: All, semicolons: AsNeeded, arrow_parentheses: Always, bracket_spacing: BracketSpacing(true), bracket_same_line: BracketSameLine(false), source_type: JsFileSource { language: TypeScript { definition_file: false }, variant: Jsx, module_kind: Module, version: ES2022, embedding_kind: None }, attribute_position: Auto, expand: Auto, operator_linebreak: After, trailing_newline: TrailingNewline(true) }[0m
    [2;3mat[0m crates/biome_service/src/file_handlers/javascript.rs:1131 [2;3mon[0m biome::workspace_worker_12
    [2;3min[0m [1mformat_file[0m [2;3mwith[0m [1mpath[0m: /home/artu/Desktop/projects/showcases-portfolio/src/components/ui/combobox.tsx

  [2m2026-02-22T16:44:02.701741Z[0m [32m INFO[0m  [32mFix file summary result. Errors 0, skipped fixes 0, actions 0[0m
    [2;3mat[0m crates/biome_cli/src/runner/impls/process_file/lint_and_assist.rs:68 [2;3mon[0m biome::workspace_worker_1

  [2m2026-02-22T16:44:02.701941Z[0m [34mDEBUG[0m  [34mFormat output is different from input: false[0m
    [2;3mat[0m crates/biome_cli/src/runner/impls/process_file/format.rs:106 [2;3mon[0m biome::workspace_worker_4

  [2m2026-02-22T16:44:02.701978Z[0m [32m INFO[0m  [32mPulled 0 diagnostic(s), skipped 0 diagnostic(s) from /home/artu/Desktop/projects/showcases-portfolio/src/components/ui/badge.tsx[0m
    [2;3mat[0m crates/biome_service/src/workspace/server.rs:1809 [2;3mon[0m biome::workspace_worker_13
    [2;3min[0m [1mpull_diagnostics[0m [2;3mwith[0m [1mrule_categories[0m: [Syntax, Lint, Action], [1mpath[0m: /home/artu/Desktop/projects/showcases-portfolio/src/components/ui/badge.tsx, [1mproject_key[0m: ProjectKey(1), [1mskip[0m: [], [1monly[0m: []

  [2m2026-02-22T16:44:02.699217Z[0m [32m INFO[0m  [32mPulled 10 diagnostic(s), skipped 0 diagnostic(s) from /home/artu/Desktop/projects/showcases-portfolio/src/app/essencial/servicos-residenciais/page.tsx[0m
    [2;3mat[0m crates/biome_service/src/workspace/server.rs:1809 [2;3mon[0m biome::workspace_worker_14
    [2;3min[0m [1mpull_diagnostics[0m [2;3mwith[0m [1mrule_categories[0m: [Syntax, Lint, Action], [1mpath[0m: /home/artu/Desktop/projects/showcases-portfolio/src/app/essencial/servicos-residenciais/page.tsx, [1mproject_key[0m: ProjectKey(1), [1mskip[0m: [], [1monly[0m: []

  [2m2026-02-22T16:44:02.702214Z[0m [34mDEBUG[0m  [34mFormat output is different from input: false[0m
    [2;3mat[0m crates/biome_cli/src/runner/impls/process_file/format.rs:106 [2;3mon[0m biome::workspace_worker_12

  [2m2026-02-22T16:44:02.703362Z[0m [32m INFO[0m  [32mFix file summary result. Errors 0, skipped fixes 0, actions 0[0m
    [2;3mat[0m crates/biome_cli/src/runner/impls/process_file/lint_and_assist.rs:68 [2;3mon[0m biome::workspace_worker_8

  [2m2026-02-22T16:44:02.703641Z[0m [34mDEBUG[0m  [34mThe file has the following feature sets: {Format: Supported, Lint: Supported, Search: NotRequested, Assist: Supported, Debug: Supported, HtmlFullSupport: FileNotSupported}[0m
    [2;3mat[0m crates/biome_service/src/workspace.rs:246 [2;3mon[0m biome::workspace_worker_4

  [2m2026-02-22T16:44:02.704228Z[0m [32m INFO[0m  [32mPulled 0 diagnostic(s), skipped 0 diagnostic(s) from /home/artu/Desktop/projects/showcases-portfolio/src/components/ui/dialog.tsx[0m
    [2;3mat[0m crates/biome_service/src/workspace/server.rs:1809 [2;3mon[0m biome::workspace_worker_7
    [2;3min[0m [1mpull_diagnostics[0m [2;3mwith[0m [1mrule_categories[0m: [Syntax, Lint, Action], [1mpath[0m: /home/artu/Desktop/projects/showcases-portfolio/src/components/ui/dialog.tsx, [1mproject_key[0m: ProjectKey(1), [1mskip[0m: [], [1monly[0m: []

  [2m2026-02-22T16:44:02.704497Z[0m [32m INFO[0m  [32mPulled 0 diagnostic(s), skipped 0 diagnostic(s) from /home/artu/Desktop/projects/showcases-portfolio/src/components/ui/dialog.tsx[0m
    [2;3mat[0m crates/biome_service/src/workspace/server.rs:1809 [2;3mon[0m biome::workspace_worker_7
    [2;3min[0m [1mpull_diagnostics[0m [2;3mwith[0m [1mrule_categories[0m: [Syntax], [1mpath[0m: /home/artu/Desktop/projects/showcases-portfolio/src/components/ui/dialog.tsx, [1mproject_key[0m: ProjectKey(1), [1mskip[0m: [], [1monly[0m: []

  [2m2026-02-22T16:44:02.704729Z[0m [34mDEBUG[0m  [34mJsFormatOptions { indent_style: Tab, indent_width: 2, line_ending: Lf, line_width: 100, quote_style: Double, jsx_quote_style: Double, quote_properties: AsNeeded, trailing_commas: All, semicolons: AsNeeded, arrow_parentheses: Always, bracket_spacing: BracketSpacing(true), bracket_same_line: BracketSameLine(false), source_type: JsFileSource { language: TypeScript { definition_file: false }, variant: Jsx, module_kind: Module, version: ES2022, embedding_kind: None }, attribute_position: Auto, expand: Auto, operator_linebreak: After, trailing_newline: TrailingNewline(true) }[0m
    [2;3mat[0m crates/biome_service/src/file_handlers/javascript.rs:1131 [2;3mon[0m biome::workspace_worker_7
    [2;3min[0m [1mformat_file[0m [2;3mwith[0m [1mpath[0m: /home/artu/Desktop/projects/showcases-portfolio/src/components/ui/dialog.tsx

  [2m2026-02-22T16:44:02.704587Z[0m [32m INFO[0m  [32mFix file summary result. Errors 0, skipped fixes 0, actions 0[0m
    [2;3mat[0m crates/biome_cli/src/runner/impls/process_file/lint_and_assist.rs:68 [2;3mon[0m biome::workspace_worker_11

  [2m2026-02-22T16:44:02.705172Z[0m [32m INFO[0m  [32mPulled 0 diagnostic(s), skipped 0 diagnostic(s) from /home/artu/Desktop/projects/showcases-portfolio/src/app/essencial/servicos-residenciais/page.tsx[0m
    [2;3mat[0m crates/biome_service/src/workspace/server.rs:1809 [2;3mon[0m biome::workspace_worker_14
    [2;3min[0m [1mpull_diagnostics[0m [2;3mwith[0m [1mrule_categories[0m: [Syntax], [1mpath[0m: /home/artu/Desktop/projects/showcases-portfolio/src/app/essencial/servicos-residenciais/page.tsx, [1mproject_key[0m: ProjectKey(1), [1mskip[0m: [], [1monly[0m: []

  [2m2026-02-22T16:44:02.705310Z[0m [32m INFO[0m  [32mFix file summary result. Errors 0, skipped fixes 0, actions 0[0m
    [2;3mat[0m crates/biome_cli/src/runner/impls/process_file/lint_and_assist.rs:68 [2;3mon[0m biome::workspace_worker_5

  [2m2026-02-22T16:44:02.705403Z[0m [32m INFO[0m  [32mPulled 0 diagnostic(s), skipped 0 diagnostic(s) from /home/artu/Desktop/projects/showcases-portfolio/src/components/ui/badge.tsx[0m
    [2;3mat[0m crates/biome_service/src/workspace/server.rs:1809 [2;3mon[0m biome::workspace_worker_13
    [2;3min[0m [1mpull_diagnostics[0m [2;3mwith[0m [1mrule_categories[0m: [Syntax], [1mpath[0m: /home/artu/Desktop/projects/showcases-portfolio/src/components/ui/badge.tsx, [1mproject_key[0m: ProjectKey(1), [1mskip[0m: [], [1monly[0m: []

  [2m2026-02-22T16:44:02.705509Z[0m [34mDEBUG[0m  [34mJsFormatOptions { indent_style: Tab, indent_width: 2, line_ending: Lf, line_width: 100, quote_style: Double, jsx_quote_style: Double, quote_properties: AsNeeded, trailing_commas: All, semicolons: AsNeeded, arrow_parentheses: Always, bracket_spacing: BracketSpacing(true), bracket_same_line: BracketSameLine(false), source_type: JsFileSource { language: TypeScript { definition_file: false }, variant: Jsx, module_kind: Module, version: ES2022, embedding_kind: None }, attribute_position: Auto, expand: Auto, operator_linebreak: After, trailing_newline: TrailingNewline(true) }[0m
    [2;3mat[0m crates/biome_service/src/file_handlers/javascript.rs:1131 [2;3mon[0m biome::workspace_worker_13
    [2;3min[0m [1mformat_file[0m [2;3mwith[0m [1mpath[0m: /home/artu/Desktop/projects/showcases-portfolio/src/components/ui/badge.tsx

  [2m2026-02-22T16:44:02.706058Z[0m [34mDEBUG[0m  [34mFormat output is different from input: false[0m
    [2;3mat[0m crates/biome_cli/src/runner/impls/process_file/format.rs:106 [2;3mon[0m biome::workspace_worker_13

  [2m2026-02-22T16:44:02.706143Z[0m [32m INFO[0m  [32mFix file summary result. Errors 0, skipped fixes 0, actions 0[0m
    [2;3mat[0m crates/biome_cli/src/runner/impls/process_file/lint_and_assist.rs:68 [2;3mon[0m biome::workspace_worker_16

  [2m2026-02-22T16:44:02.706228Z[0m [34mDEBUG[0m  [34mThe file has the following feature sets: {Format: Supported, Lint: Supported, Search: NotRequested, Assist: Supported, Debug: Supported, HtmlFullSupport: FileNotSupported}[0m
    [2;3mat[0m crates/biome_service/src/workspace.rs:246 [2;3mon[0m biome::workspace_worker_13

  [2m2026-02-22T16:44:02.706938Z[0m [32m INFO[0m  [32mPulled 0 diagnostic(s), skipped 0 diagnostic(s) from /home/artu/Desktop/projects/showcases-portfolio/src/components/ui/chart.tsx[0m
    [2;3mat[0m crates/biome_service/src/workspace/server.rs:1809 [2;3mon[0m biome::workspace_worker_2
    [2;3min[0m [1mpull_diagnostics[0m [2;3mwith[0m [1mrule_categories[0m: [Syntax, Lint, Action], [1mpath[0m: /home/artu/Desktop/projects/showcases-portfolio/src/components/ui/chart.tsx, [1mproject_key[0m: ProjectKey(1), [1mskip[0m: [], [1monly[0m: []

  [2m2026-02-22T16:44:02.707135Z[0m [32m INFO[0m  [32mPulled 0 diagnostic(s), skipped 0 diagnostic(s) from /home/artu/Desktop/projects/showcases-portfolio/src/components/ui/chart.tsx[0m
    [2;3mat[0m crates/biome_service/src/workspace/server.rs:1809 [2;3mon[0m biome::workspace_worker_2
    [2;3min[0m [1mpull_diagnostics[0m [2;3mwith[0m [1mrule_categories[0m: [Syntax], [1mpath[0m: /home/artu/Desktop/projects/showcases-portfolio/src/components/ui/chart.tsx, [1mproject_key[0m: ProjectKey(1), [1mskip[0m: [], [1monly[0m: []

  [2m2026-02-22T16:44:02.707250Z[0m [34mDEBUG[0m  [34mJsFormatOptions { indent_style: Tab, indent_width: 2, line_ending: Lf, line_width: 100, quote_style: Double, jsx_quote_style: Double, quote_properties: AsNeeded, trailing_commas: All, semicolons: AsNeeded, arrow_parentheses: Always, bracket_spacing: BracketSpacing(true), bracket_same_line: BracketSameLine(false), source_type: JsFileSource { language: TypeScript { definition_file: false }, variant: Jsx, module_kind: Module, version: ES2022, embedding_kind: None }, attribute_position: Auto, expand: Auto, operator_linebreak: After, trailing_newline: TrailingNewline(true) }[0m
    [2;3mat[0m crates/biome_service/src/file_handlers/javascript.rs:1131 [2;3mon[0m biome::workspace_worker_2
    [2;3min[0m [1mformat_file[0m [2;3mwith[0m [1mpath[0m: /home/artu/Desktop/projects/showcases-portfolio/src/components/ui/chart.tsx

  [2m2026-02-22T16:44:02.707600Z[0m [32m INFO[0m  [32mPulled 0 diagnostic(s), skipped 0 diagnostic(s) from /home/artu/Desktop/projects/showcases-portfolio/src/components/ui/direction.tsx[0m
    [2;3mat[0m crates/biome_service/src/workspace/server.rs:1809 [2;3mon[0m biome::workspace_worker_5
    [2;3min[0m [1mpull_diagnostics[0m [2;3mwith[0m [1mrule_categories[0m: [Syntax, Lint, Action], [1mpath[0m: /home/artu/Desktop/projects/showcases-portfolio/src/components/ui/direction.tsx, [1mproject_key[0m: ProjectKey(1), [1mskip[0m: [], [1monly[0m: []

  [2m2026-02-22T16:44:02.707739Z[0m [32m INFO[0m  [32mPulled 0 diagnostic(s), skipped 0 diagnostic(s) from /home/artu/Desktop/projects/showcases-portfolio/src/components/ui/direction.tsx[0m
    [2;3mat[0m crates/biome_service/src/workspace/server.rs:1809 [2;3mon[0m biome::workspace_worker_5
    [2;3min[0m [1mpull_diagnostics[0m [2;3mwith[0m [1mrule_categories[0m: [Syntax], [1mpath[0m: /home/artu/Desktop/projects/showcases-portfolio/src/components/ui/direction.tsx, [1mproject_key[0m: ProjectKey(1), [1mskip[0m: [], [1monly[0m: []

  [2m2026-02-22T16:44:02.707830Z[0m [34mDEBUG[0m  [34mJsFormatOptions { indent_style: Tab, indent_width: 2, line_ending: Lf, line_width: 100, quote_style: Double, jsx_quote_style: Double, quote_properties: AsNeeded, trailing_commas: All, semicolons: AsNeeded, arrow_parentheses: Always, bracket_spacing: BracketSpacing(true), bracket_same_line: BracketSameLine(false), source_type: JsFileSource { language: TypeScript { definition_file: false }, variant: Jsx, module_kind: Module, version: ES2022, embedding_kind: None }, attribute_position: Auto, expand: Auto, operator_linebreak: After, trailing_newline: TrailingNewline(true) }[0m
    [2;3mat[0m crates/biome_service/src/file_handlers/javascript.rs:1131 [2;3mon[0m biome::workspace_worker_5
    [2;3min[0m [1mformat_file[0m [2;3mwith[0m [1mpath[0m: /home/artu/Desktop/projects/showcases-portfolio/src/components/ui/direction.tsx

  [2m2026-02-22T16:44:02.708200Z[0m [34mDEBUG[0m  [34mThe file has the following feature sets: {Format: Supported, Lint: Supported, Search: NotRequested, Assist: Supported, Debug: Supported, HtmlFullSupport: FileNotSupported}[0m
    [2;3mat[0m crates/biome_service/src/workspace.rs:246 [2;3mon[0m biome::workspace_worker_12

  [2m2026-02-22T16:44:02.708647Z[0m [32m INFO[0m  [32mPulled 0 diagnostic(s), skipped 0 diagnostic(s) from /home/artu/Desktop/projects/showcases-portfolio/src/components/ui/context-menu.tsx[0m
    [2;3mat[0m crates/biome_service/src/workspace/server.rs:1809 [2;3mon[0m biome::workspace_worker_3
    [2;3min[0m [1mpull_diagnostics[0m [2;3mwith[0m [1mrule_categories[0m: [Syntax, Lint, Action], [1mpath[0m: /home/artu/Desktop/projects/showcases-portfolio/src/components/ui/context-menu.tsx, [1mproject_key[0m: ProjectKey(1), [1mskip[0m: [], [1monly[0m: []

  [2m2026-02-22T16:44:02.708726Z[0m [32m INFO[0m  [32mPulled 0 diagnostic(s), skipped 0 diagnostic(s) from /home/artu/Desktop/projects/showcases-portfolio/src/components/ui/context-menu.tsx[0m
    [2;3mat[0m crates/biome_service/src/workspace/server.rs:1809 [2;3mon[0m biome::workspace_worker_3
    [2;3min[0m [1mpull_diagnostics[0m [2;3mwith[0m [1mrule_categories[0m: [Syntax], [1mpath[0m: /home/artu/Desktop/projects/showcases-portfolio/src/components/ui/context-menu.tsx, [1mproject_key[0m: ProjectKey(1), [1mskip[0m: [], [1monly[0m: []

  [2m2026-02-22T16:44:02.708735Z[0m [32m INFO[0m  [32mPulled 0 diagnostic(s), skipped 0 diagnostic(s) from /home/artu/Desktop/projects/showcases-portfolio/src/components/ui/textarea.tsx[0m
    [2;3mat[0m crates/biome_service/src/workspace/server.rs:1809 [2;3mon[0m biome::workspace_worker_1
    [2;3min[0m [1mpull_diagnostics[0m [2;3mwith[0m [1mrule_categories[0m: [Syntax, Lint, Action], [1mpath[0m: /home/artu/Desktop/projects/showcases-portfolio/src/components/ui/textarea.tsx, [1mproject_key[0m: ProjectKey(1), [1mskip[0m: [], [1monly[0m: []

  [2m2026-02-22T16:44:02.708800Z[0m [34mDEBUG[0m  [34mJsFormatOptions { indent_style: Tab, indent_width: 2, line_ending: Lf, line_width: 100, quote_style: Double, jsx_quote_style: Double, quote_properties: AsNeeded, trailing_commas: All, semicolons: AsNeeded, arrow_parentheses: Always, bracket_spacing: BracketSpacing(true), bracket_same_line: BracketSameLine(false), source_type: JsFileSource { language: TypeScript { definition_file: false }, variant: Jsx, module_kind: Module, version: ES2022, embedding_kind: None }, attribute_position: Auto, expand: Auto, operator_linebreak: After, trailing_newline: TrailingNewline(true) }[0m
    [2;3mat[0m crates/biome_service/src/file_handlers/javascript.rs:1131 [2;3mon[0m biome::workspace_worker_3
    [2;3min[0m [1mformat_file[0m [2;3mwith[0m [1mpath[0m: /home/artu/Desktop/projects/showcases-portfolio/src/components/ui/context-menu.tsx

  [2m2026-02-22T16:44:02.708872Z[0m [34mDEBUG[0m  [34mFormat output is different from input: false[0m
    [2;3mat[0m crates/biome_cli/src/runner/impls/process_file/format.rs:106 [2;3mon[0m biome::workspace_worker_7

  [2m2026-02-22T16:44:02.712442Z[0m [32m INFO[0m  [32mPulled 0 diagnostic(s), skipped 0 diagnostic(s) from /home/artu/Desktop/projects/showcases-portfolio/src/components/ui/textarea.tsx[0m
    [2;3mat[0m crates/biome_service/src/workspace/server.rs:1809 [2;3mon[0m biome::workspace_worker_1
    [2;3min[0m [1mpull_diagnostics[0m [2;3mwith[0m [1mrule_categories[0m: [Syntax], [1mpath[0m: /home/artu/Desktop/projects/showcases-portfolio/src/components/ui/textarea.tsx, [1mproject_key[0m: ProjectKey(1), [1mskip[0m: [], [1monly[0m: []

  [2m2026-02-22T16:44:02.712571Z[0m [34mDEBUG[0m  [34mJsFormatOptions { indent_style: Tab, indent_width: 2, line_ending: Lf, line_width: 100, quote_style: Double, jsx_quote_style: Double, quote_properties: AsNeeded, trailing_commas: All, semicolons: AsNeeded, arrow_parentheses: Always, bracket_spacing: BracketSpacing(true), bracket_same_line: BracketSameLine(false), source_type: JsFileSource { language: TypeScript { definition_file: false }, variant: Jsx, module_kind: Module, version: ES2022, embedding_kind: None }, attribute_position: Auto, expand: Auto, operator_linebreak: After, trailing_newline: TrailingNewline(true) }[0m
    [2;3mat[0m crates/biome_service/src/file_handlers/javascript.rs:1131 [2;3mon[0m biome::workspace_worker_1
    [2;3min[0m [1mformat_file[0m [2;3mwith[0m [1mpath[0m: /home/artu/Desktop/projects/showcases-portfolio/src/components/ui/textarea.tsx

  [2m2026-02-22T16:44:02.712597Z[0m [34mDEBUG[0m  [34mThe file has the following feature sets: {Format: Supported, Lint: Supported, Search: NotRequested, Assist: Supported, Debug: Supported, HtmlFullSupport: FileNotSupported}[0m
    [2;3mat[0m crates/biome_service/src/workspace.rs:246 [2;3mon[0m biome::workspace_worker_7

  [2m2026-02-22T16:44:02.712677Z[0m [32m INFO[0m  [32mPulled 0 diagnostic(s), skipped 0 diagnostic(s) from /home/artu/Desktop/projects/showcases-portfolio/src/components/ui/empty.tsx[0m
    [2;3mat[0m crates/biome_service/src/workspace/server.rs:1809 [2;3mon[0m biome::workspace_worker_16
    [2;3min[0m [1mpull_diagnostics[0m [2;3mwith[0m [1mrule_categories[0m: [Syntax, Lint, Action], [1mpath[0m: /home/artu/Desktop/projects/showcases-portfolio/src/components/ui/empty.tsx, [1mproject_key[0m: ProjectKey(1), [1mskip[0m: [], [1monly[0m: []

  [2m2026-02-22T16:44:02.712823Z[0m [34mDEBUG[0m  [34mFormat output is different from input: false[0m
    [2;3mat[0m crates/biome_cli/src/runner/impls/process_file/format.rs:106 [2;3mon[0m biome::workspace_worker_1

  [2m2026-02-22T16:44:02.705320Z[0m [34mDEBUG[0m  [34mJsFormatOptions { indent_style: Tab, indent_width: 2, line_ending: Lf, line_width: 100, quote_style: Double, jsx_quote_style: Double, quote_properties: AsNeeded, trailing_commas: All, semicolons: AsNeeded, arrow_parentheses: Always, bracket_spacing: BracketSpacing(true), bracket_same_line: BracketSameLine(false), source_type: JsFileSource { language: TypeScript { definition_file: false }, variant: Jsx, module_kind: Module, version: ES2022, embedding_kind: None }, attribute_position: Auto, expand: Auto, operator_linebreak: After, trailing_newline: TrailingNewline(true) }[0m
    [2;3mat[0m crates/biome_service/src/file_handlers/javascript.rs:1131 [2;3mon[0m biome::workspace_worker_14
    [2;3min[0m [1mformat_file[0m [2;3mwith[0m [1mpath[0m: /home/artu/Desktop/projects/showcases-portfolio/src/app/essencial/servicos-residenciais/page.tsx

  [2m2026-02-22T16:44:02.713114Z[0m [32m INFO[0m  [32mFix file summary result. Errors 0, skipped fixes 0, actions 0[0m
    [2;3mat[0m crates/biome_cli/src/runner/impls/process_file/lint_and_assist.rs:68 [2;3mon[0m biome::workspace_worker_15

  [2m2026-02-22T16:44:02.713576Z[0m [34mDEBUG[0m  [34mFormat output is different from input: false[0m
    [2;3mat[0m crates/biome_cli/src/runner/impls/process_file/format.rs:106 [2;3mon[0m biome::workspace_worker_3

  [2m2026-02-22T16:44:02.713733Z[0m [34mDEBUG[0m  [34mThe file has the following feature sets: {Format: Supported, Lint: Supported, Search: NotRequested, Assist: Supported, Debug: Supported, HtmlFullSupport: FileNotSupported}[0m
    [2;3mat[0m crates/biome_service/src/workspace.rs:246 [2;3mon[0m biome::workspace_worker_3

  [2m2026-02-22T16:44:02.715216Z[0m [34mDEBUG[0m  [34mFormat output is different from input: false[0m
    [2;3mat[0m crates/biome_cli/src/runner/impls/process_file/format.rs:106 [2;3mon[0m biome::workspace_worker_14

  [2m2026-02-22T16:44:02.709362Z[0m [32m INFO[0m  [32mPulled 0 diagnostic(s), skipped 0 diagnostic(s) from /home/artu/Desktop/projects/showcases-portfolio/src/components/ui/drawer.tsx[0m
    [2;3mat[0m crates/biome_service/src/workspace/server.rs:1809 [2;3mon[0m biome::workspace_worker_11
    [2;3min[0m [1mpull_diagnostics[0m [2;3mwith[0m [1mrule_categories[0m: [Syntax, Lint, Action], [1mpath[0m: /home/artu/Desktop/projects/showcases-portfolio/src/components/ui/drawer.tsx, [1mproject_key[0m: ProjectKey(1), [1mskip[0m: [], [1monly[0m: []

  [2m2026-02-22T16:44:02.709515Z[0m [32m INFO[0m  [32mFix file summary result. Errors 0, skipped fixes 0, actions 0[0m
    [2;3mat[0m crates/biome_cli/src/runner/impls/process_file/lint_and_assist.rs:68 [2;3mon[0m biome::workspace_worker_6

  [2m2026-02-22T16:44:02.709968Z[0m [34mDEBUG[0m  [34mFormat output is different from input: false[0m
    [2;3mat[0m crates/biome_cli/src/runner/impls/process_file/format.rs:106 [2;3mon[0m biome::workspace_worker_2

  [2m2026-02-22T16:44:02.710793Z[0m [32m INFO[0m  [32mFix file summary result. Errors 0, skipped fixes 0, actions 0[0m
    [2;3mat[0m crates/biome_cli/src/runner/impls/process_file/lint_and_assist.rs:68 [2;3mon[0m biome::workspace_worker_4

  [2m2026-02-22T16:44:02.715491Z[0m [32m INFO[0m  [32mPulled 0 diagnostic(s), skipped 0 diagnostic(s) from /home/artu/Desktop/projects/showcases-portfolio/src/components/ui/drawer.tsx[0m
    [2;3mat[0m crates/biome_service/src/workspace/server.rs:1809 [2;3mon[0m biome::workspace_worker_11
    [2;3min[0m [1mpull_diagnostics[0m [2;3mwith[0m [1mrule_categories[0m: [Syntax], [1mpath[0m: /home/artu/Desktop/projects/showcases-portfolio/src/components/ui/drawer.tsx, [1mproject_key[0m: ProjectKey(1), [1mskip[0m: [], [1monly[0m: []

  [2m2026-02-22T16:44:02.715528Z[0m [34mDEBUG[0m  [34mFormat output is different from input: false[0m
    [2;3mat[0m crates/biome_cli/src/runner/impls/process_file/format.rs:106 [2;3mon[0m biome::workspace_worker_5

  [2m2026-02-22T16:44:02.715752Z[0m [34mDEBUG[0m  [34mThe file has the following feature sets: {Format: Supported, Lint: Supported, Search: NotRequested, Assist: Supported, Debug: Supported, HtmlFullSupport: FileNotSupported}[0m
    [2;3mat[0m crates/biome_service/src/workspace.rs:246 [2;3mon[0m biome::workspace_worker_5

  [2m2026-02-22T16:44:02.710827Z[0m [32m INFO[0m  [32mFix file summary result. Errors 0, skipped fixes 0, actions 0[0m
    [2;3mat[0m crates/biome_cli/src/runner/impls/process_file/lint_and_assist.rs:68 [2;3mon[0m biome::workspace_worker_12

  [2m2026-02-22T16:44:02.710908Z[0m [32m INFO[0m  [32mFix file summary result. Errors 0, skipped fixes 0, actions 0[0m
    [2;3mat[0m crates/biome_cli/src/runner/impls/process_file/lint_and_assist.rs:68 [2;3mon[0m biome::workspace_worker_17

  [2m2026-02-22T16:44:02.717180Z[0m [32m INFO[0m  [32mFix file summary result. Errors 0, skipped fixes 0, actions 0[0m
    [2;3mat[0m crates/biome_cli/src/runner/impls/process_file/lint_and_assist.rs:68 [2;3mon[0m biome::workspace_worker_3

  [2m2026-02-22T16:44:02.718004Z[0m [32m INFO[0m  [32mPulled 0 diagnostic(s), skipped 0 diagnostic(s) from /home/artu/Desktop/projects/showcases-portfolio/src/components/ui/input.tsx[0m
    [2;3mat[0m crates/biome_service/src/workspace/server.rs:1809 [2;3mon[0m biome::workspace_worker_12
    [2;3min[0m [1mpull_diagnostics[0m [2;3mwith[0m [1mrule_categories[0m: [Syntax, Lint, Action], [1mpath[0m: /home/artu/Desktop/projects/showcases-portfolio/src/components/ui/input.tsx, [1mproject_key[0m: ProjectKey(1), [1mskip[0m: [], [1monly[0m: []

  [2m2026-02-22T16:44:02.718094Z[0m [32m INFO[0m  [32mPulled 0 diagnostic(s), skipped 0 diagnostic(s) from /home/artu/Desktop/projects/showcases-portfolio/src/components/ui/input.tsx[0m
    [2;3mat[0m crates/biome_service/src/workspace/server.rs:1809 [2;3mon[0m biome::workspace_worker_12
    [2;3min[0m [1mpull_diagnostics[0m [2;3mwith[0m [1mrule_categories[0m: [Syntax], [1mpath[0m: /home/artu/Desktop/projects/showcases-portfolio/src/components/ui/input.tsx, [1mproject_key[0m: ProjectKey(1), [1mskip[0m: [], [1monly[0m: []

  [2m2026-02-22T16:44:02.718156Z[0m [34mDEBUG[0m  [34mJsFormatOptions { indent_style: Tab, indent_width: 2, line_ending: Lf, line_width: 100, quote_style: Double, jsx_quote_style: Double, quote_properties: AsNeeded, trailing_commas: All, semicolons: AsNeeded, arrow_parentheses: Always, bracket_spacing: BracketSpacing(true), bracket_same_line: BracketSameLine(false), source_type: JsFileSource { language: TypeScript { definition_file: false }, variant: Jsx, module_kind: Module, version: ES2022, embedding_kind: None }, attribute_position: Auto, expand: Auto, operator_linebreak: After, trailing_newline: TrailingNewline(true) }[0m
    [2;3mat[0m crates/biome_service/src/file_handlers/javascript.rs:1131 [2;3mon[0m biome::workspace_worker_12
    [2;3min[0m [1mformat_file[0m [2;3mwith[0m [1mpath[0m: /home/artu/Desktop/projects/showcases-portfolio/src/components/ui/input.tsx

  [2m2026-02-22T16:44:02.718364Z[0m [34mDEBUG[0m  [34mFormat output is different from input: false[0m
    [2;3mat[0m crates/biome_cli/src/runner/impls/process_file/format.rs:106 [2;3mon[0m biome::workspace_worker_12

  [2m2026-02-22T16:44:02.718448Z[0m [34mDEBUG[0m  [34mThe file has the following feature sets: {Format: Supported, Lint: Supported, Search: NotRequested, Assist: Supported, Debug: Supported, HtmlFullSupport: FileNotSupported}[0m
    [2;3mat[0m crates/biome_service/src/workspace.rs:246 [2;3mon[0m biome::workspace_worker_12

  [2m2026-02-22T16:44:02.718919Z[0m [32m INFO[0m  [32mFix file summary result. Errors 0, skipped fixes 0, actions 0[0m
    [2;3mat[0m crates/biome_cli/src/runner/impls/process_file/lint_and_assist.rs:68 [2;3mon[0m biome::workspace_worker_5

  [2m2026-02-22T16:44:02.719100Z[0m [32m INFO[0m  [32mPulled 0 diagnostic(s), skipped 0 diagnostic(s) from /home/artu/Desktop/projects/showcases-portfolio/src/components/ui/kbd.tsx[0m
    [2;3mat[0m crates/biome_service/src/workspace/server.rs:1809 [2;3mon[0m biome::workspace_worker_3
    [2;3min[0m [1mpull_diagnostics[0m [2;3mwith[0m [1mrule_categories[0m: [Syntax, Lint, Action], [1mpath[0m: /home/artu/Desktop/projects/showcases-portfolio/src/components/ui/kbd.tsx, [1mproject_key[0m: ProjectKey(1), [1mskip[0m: [], [1monly[0m: []

  [2m2026-02-22T16:44:02.719203Z[0m [32m INFO[0m  [32mPulled 0 diagnostic(s), skipped 0 diagnostic(s) from /home/artu/Desktop/projects/showcases-portfolio/src/components/ui/kbd.tsx[0m
    [2;3mat[0m crates/biome_service/src/workspace/server.rs:1809 [2;3mon[0m biome::workspace_worker_3
    [2;3min[0m [1mpull_diagnostics[0m [2;3mwith[0m [1mrule_categories[0m: [Syntax], [1mpath[0m: /home/artu/Desktop/projects/showcases-portfolio/src/components/ui/kbd.tsx, [1mproject_key[0m: ProjectKey(1), [1mskip[0m: [], [1monly[0m: []

  [2m2026-02-22T16:44:02.719244Z[0m [34mDEBUG[0m  [34mThe file has the following feature sets: {Format: Supported, Lint: Supported, Search: NotRequested, Assist: Supported, Debug: Supported, HtmlFullSupport: FileNotSupported}[0m
    [2;3mat[0m crates/biome_service/src/workspace.rs:246 [2;3mon[0m biome::workspace_worker_14

  [2m2026-02-22T16:44:02.719323Z[0m [34mDEBUG[0m  [34mJsFormatOptions { indent_style: Tab, indent_width: 2, line_ending: Lf, line_width: 100, quote_style: Double, jsx_quote_style: Double, quote_properties: AsNeeded, trailing_commas: All, semicolons: AsNeeded, arrow_parentheses: Always, bracket_spacing: BracketSpacing(true), bracket_same_line: BracketSameLine(false), source_type: JsFileSource { language: TypeScript { definition_file: false }, variant: Jsx, module_kind: Module, version: ES2022, embedding_kind: None }, attribute_position: Auto, expand: Auto, operator_linebreak: After, trailing_newline: TrailingNewline(true) }[0m
    [2;3mat[0m crates/biome_service/src/file_handlers/javascript.rs:1131 [2;3mon[0m biome::workspace_worker_3
    [2;3min[0m [1mformat_file[0m [2;3mwith[0m [1mpath[0m: /home/artu/Desktop/projects/showcases-portfolio/src/components/ui/kbd.tsx

  [2m2026-02-22T16:44:02.719549Z[0m [34mDEBUG[0m  [34mFormat output is different from input: false[0m
    [2;3mat[0m crates/biome_cli/src/runner/impls/process_file/format.rs:106 [2;3mon[0m biome::workspace_worker_3

  [2m2026-02-22T16:44:02.719665Z[0m [34mDEBUG[0m  [34mThe file has the following feature sets: {Format: Supported, Lint: Supported, Search: NotRequested, Assist: Supported, Debug: Supported, HtmlFullSupport: FileNotSupported}[0m
    [2;3mat[0m crates/biome_service/src/workspace.rs:246 [2;3mon[0m biome::workspace_worker_3

  [2m2026-02-22T16:44:02.711225Z[0m [32m INFO[0m  [32mPulled 0 diagnostic(s), skipped 0 diagnostic(s) from /home/artu/Desktop/projects/showcases-portfolio/src/components/ui/command.tsx[0m
    [2;3mat[0m crates/biome_service/src/workspace/server.rs:1809 [2;3mon[0m biome::workspace_worker_8
    [2;3min[0m [1mpull_diagnostics[0m [2;3mwith[0m [1mrule_categories[0m: [Syntax, Lint, Action], [1mpath[0m: /home/artu/Desktop/projects/showcases-portfolio/src/components/ui/command.tsx, [1mproject_key[0m: ProjectKey(1), [1mskip[0m: [], [1monly[0m: []

  [2m2026-02-22T16:44:02.720114Z[0m [34mDEBUG[0m  [34mThe file has the following feature sets: {Format: Supported, Lint: Supported, Search: NotRequested, Assist: Supported, Debug: Supported, HtmlFullSupport: FileNotSupported}[0m
    [2;3mat[0m crates/biome_service/src/workspace.rs:246 [2;3mon[0m biome::workspace_worker_2

  [2m2026-02-22T16:44:02.720164Z[0m [32m INFO[0m  [32mPulled 0 diagnostic(s), skipped 0 diagnostic(s) from /home/artu/Desktop/projects/showcases-portfolio/src/components/ui/command.tsx[0m
    [2;3mat[0m crates/biome_service/src/workspace/server.rs:1809 [2;3mon[0m biome::workspace_worker_8
    [2;3min[0m [1mpull_diagnostics[0m [2;3mwith[0m [1mrule_categories[0m: [Syntax], [1mpath[0m: /home/artu/Desktop/projects/showcases-portfolio/src/components/ui/command.tsx, [1mproject_key[0m: ProjectKey(1), [1mskip[0m: [], [1monly[0m: []

  [2m2026-02-22T16:44:02.720282Z[0m [34mDEBUG[0m  [34mJsFormatOptions { indent_style: Tab, indent_width: 2, line_ending: Lf, line_width: 100, quote_style: Double, jsx_quote_style: Double, quote_properties: AsNeeded, trailing_commas: All, semicolons: AsNeeded, arrow_parentheses: Always, bracket_spacing: BracketSpacing(true), bracket_same_line: BracketSameLine(false), source_type: JsFileSource { language: TypeScript { definition_file: false }, variant: Jsx, module_kind: Module, version: ES2022, embedding_kind: None }, attribute_position: Auto, expand: Auto, operator_linebreak: After, trailing_newline: TrailingNewline(true) }[0m
    [2;3mat[0m crates/biome_service/src/file_handlers/javascript.rs:1131 [2;3mon[0m biome::workspace_worker_8
    [2;3min[0m [1mformat_file[0m [2;3mwith[0m [1mpath[0m: /home/artu/Desktop/projects/showcases-portfolio/src/components/ui/command.tsx

  [2m2026-02-22T16:44:02.721210Z[0m [34mDEBUG[0m  [34mFormat output is different from input: false[0m
    [2;3mat[0m crates/biome_cli/src/runner/impls/process_file/format.rs:106 [2;3mon[0m biome::workspace_worker_8

  [2m2026-02-22T16:44:02.721383Z[0m [34mDEBUG[0m  [34mThe file has the following feature sets: {Format: Supported, Lint: Supported, Search: NotRequested, Assist: Supported, Debug: Supported, HtmlFullSupport: FileNotSupported}[0m
    [2;3mat[0m crates/biome_service/src/workspace.rs:246 [2;3mon[0m biome::workspace_worker_8

  [2m2026-02-22T16:44:02.721986Z[0m [32m INFO[0m  [32mPulled 0 diagnostic(s), skipped 0 diagnostic(s) from /home/artu/Desktop/projects/showcases-portfolio/src/components/ui/carousel.tsx[0m
    [2;3mat[0m crates/biome_service/src/workspace/server.rs:1809 [2;3mon[0m biome::workspace_worker_15
    [2;3min[0m [1mpull_diagnostics[0m [2;3mwith[0m [1mrule_categories[0m: [Syntax, Lint, Action], [1mpath[0m: /home/artu/Desktop/projects/showcases-portfolio/src/components/ui/carousel.tsx, [1mproject_key[0m: ProjectKey(1), [1mskip[0m: [], [1monly[0m: []

  [2m2026-02-22T16:44:02.722175Z[0m [32m INFO[0m  [32mPulled 0 diagnostic(s), skipped 0 diagnostic(s) from /home/artu/Desktop/projects/showcases-portfolio/src/components/ui/carousel.tsx[0m
    [2;3mat[0m crates/biome_service/src/workspace/server.rs:1809 [2;3mon[0m biome::workspace_worker_15
    [2;3min[0m [1mpull_diagnostics[0m [2;3mwith[0m [1mrule_categories[0m: [Syntax], [1mpath[0m: /home/artu/Desktop/projects/showcases-portfolio/src/components/ui/carousel.tsx, [1mproject_key[0m: ProjectKey(1), [1mskip[0m: [], [1monly[0m: []

  [2m2026-02-22T16:44:02.722279Z[0m [34mDEBUG[0m  [34mJsFormatOptions { indent_style: Tab, indent_width: 2, line_ending: Lf, line_width: 100, quote_style: Double, jsx_quote_style: Double, quote_properties: AsNeeded, trailing_commas: All, semicolons: AsNeeded, arrow_parentheses: Always, bracket_spacing: BracketSpacing(true), bracket_same_line: BracketSameLine(false), source_type: JsFileSource { language: TypeScript { definition_file: false }, variant: Jsx, module_kind: Module, version: ES2022, embedding_kind: None }, attribute_position: Auto, expand: Auto, operator_linebreak: After, trailing_newline: TrailingNewline(true) }[0m
    [2;3mat[0m crates/biome_service/src/file_handlers/javascript.rs:1131 [2;3mon[0m biome::workspace_worker_15
    [2;3min[0m [1mformat_file[0m [2;3mwith[0m [1mpath[0m: /home/artu/Desktop/projects/showcases-portfolio/src/components/ui/carousel.tsx

  [2m2026-02-22T16:44:02.723211Z[0m [34mDEBUG[0m  [34mJsFormatOptions { indent_style: Tab, indent_width: 2, line_ending: Lf, line_width: 100, quote_style: Double, jsx_quote_style: Double, quote_properties: AsNeeded, trailing_commas: All, semicolons: AsNeeded, arrow_parentheses: Always, bracket_spacing: BracketSpacing(true), bracket_same_line: BracketSameLine(false), source_type: JsFileSource { language: TypeScript { definition_file: false }, variant: Jsx, module_kind: Module, version: ES2022, embedding_kind: None }, attribute_position: Auto, expand: Auto, operator_linebreak: After, trailing_newline: TrailingNewline(true) }[0m
    [2;3mat[0m crates/biome_service/src/file_handlers/javascript.rs:1131 [2;3mon[0m biome::workspace_worker_11
    [2;3min[0m [1mformat_file[0m [2;3mwith[0m [1mpath[0m: /home/artu/Desktop/projects/showcases-portfolio/src/components/ui/drawer.tsx

  [2m2026-02-22T16:44:02.724176Z[0m [34mDEBUG[0m  [34mFormat output is different from input: false[0m
    [2;3mat[0m crates/biome_cli/src/runner/impls/process_file/format.rs:106 [2;3mon[0m biome::workspace_worker_11

  [2m2026-02-22T16:44:02.724350Z[0m [34mDEBUG[0m  [34mThe file has the following feature sets: {Format: Supported, Lint: Supported, Search: NotRequested, Assist: Supported, Debug: Supported, HtmlFullSupport: FileNotSupported}[0m
    [2;3mat[0m crates/biome_service/src/workspace.rs:246 [2;3mon[0m biome::workspace_worker_11

  [2m2026-02-22T16:44:02.724634Z[0m [32m INFO[0m  [32mPulled 0 diagnostic(s), skipped 0 diagnostic(s) from /home/artu/Desktop/projects/showcases-portfolio/src/components/ui/label.tsx[0m
    [2;3mat[0m crates/biome_service/src/workspace/server.rs:1809 [2;3mon[0m biome::workspace_worker_5
    [2;3min[0m [1mpull_diagnostics[0m [2;3mwith[0m [1mrule_categories[0m: [Syntax, Lint, Action], [1mpath[0m: /home/artu/Desktop/projects/showcases-portfolio/src/components/ui/label.tsx, [1mproject_key[0m: ProjectKey(1), [1mskip[0m: [], [1monly[0m: []

  [2m2026-02-22T16:44:02.724811Z[0m [32m INFO[0m  [32mPulled 0 diagnostic(s), skipped 0 diagnostic(s) from /home/artu/Desktop/projects/showcases-portfolio/src/components/ui/label.tsx[0m
    [2;3mat[0m crates/biome_service/src/workspace/server.rs:1809 [2;3mon[0m biome::workspace_worker_5
    [2;3min[0m [1mpull_diagnostics[0m [2;3mwith[0m [1mrule_categories[0m: [Syntax], [1mpath[0m: /home/artu/Desktop/projects/showcases-portfolio/src/components/ui/label.tsx, [1mproject_key[0m: ProjectKey(1), [1mskip[0m: [], [1monly[0m: []

  [2m2026-02-22T16:44:02.724869Z[0m [34mDEBUG[0m  [34mFormat output is different from input: false[0m
    [2;3mat[0m crates/biome_cli/src/runner/impls/process_file/format.rs:106 [2;3mon[0m biome::workspace_worker_15

  [2m2026-02-22T16:44:02.724957Z[0m [34mDEBUG[0m  [34mJsFormatOptions { indent_style: Tab, indent_width: 2, line_ending: Lf, line_width: 100, quote_style: Double, jsx_quote_style: Double, quote_properties: AsNeeded, trailing_commas: All, semicolons: AsNeeded, arrow_parentheses: Always, bracket_spacing: BracketSpacing(true), bracket_same_line: BracketSameLine(false), source_type: JsFileSource { language: TypeScript { definition_file: false }, variant: Jsx, module_kind: Module, version: ES2022, embedding_kind: None }, attribute_position: Auto, expand: Auto, operator_linebreak: After, trailing_newline: TrailingNewline(true) }[0m
    [2;3mat[0m crates/biome_service/src/file_handlers/javascript.rs:1131 [2;3mon[0m biome::workspace_worker_5
    [2;3min[0m [1mformat_file[0m [2;3mwith[0m [1mpath[0m: /home/artu/Desktop/projects/showcases-portfolio/src/components/ui/label.tsx

  [2m2026-02-22T16:44:02.725034Z[0m [34mDEBUG[0m  [34mThe file has the following feature sets: {Format: Supported, Lint: Supported, Search: NotRequested, Assist: Supported, Debug: Supported, HtmlFullSupport: FileNotSupported}[0m
    [2;3mat[0m crates/biome_service/src/workspace.rs:246 [2;3mon[0m biome::workspace_worker_15

  [2m2026-02-22T16:44:02.725219Z[0m [34mDEBUG[0m  [34mFormat output is different from input: false[0m
    [2;3mat[0m crates/biome_cli/src/runner/impls/process_file/format.rs:106 [2;3mon[0m biome::workspace_worker_5

  [2m2026-02-22T16:44:02.711869Z[0m [32m INFO[0m  [32mFix file summary result. Errors 0, skipped fixes 0, actions 0[0m
    [2;3mat[0m crates/biome_cli/src/runner/impls/process_file/lint_and_assist.rs:68 [2;3mon[0m biome::workspace_worker_13

  [2m2026-02-22T16:44:02.709063Z[0m [32m INFO[0m  [32mFix file summary result. Errors 0, skipped fixes 0, actions 0[0m
    [2;3mat[0m crates/biome_cli/src/runner/impls/process_file/lint_and_assist.rs:68 [2;3mon[0m biome::workspace_worker_9

  [2m2026-02-22T16:44:02.725701Z[0m [32m INFO[0m  [32mFix file summary result. Errors 0, skipped fixes 0, actions 0[0m
    [2;3mat[0m crates/biome_cli/src/runner/impls/process_file/lint_and_assist.rs:68 [2;3mon[0m biome::workspace_worker_3

  [2m2026-02-22T16:44:02.712950Z[0m [34mDEBUG[0m  [34mThe file has the following feature sets: {Format: Supported, Lint: Supported, Search: NotRequested, Assist: Supported, Debug: Supported, HtmlFullSupport: FileNotSupported}[0m
    [2;3mat[0m crates/biome_service/src/workspace.rs:246 [2;3mon[0m biome::workspace_worker_1

  [2m2026-02-22T16:44:02.709020Z[0m [32m INFO[0m  [32mFix file summary result. Errors 0, skipped fixes 0, actions 0[0m
    [2;3mat[0m crates/biome_cli/src/runner/impls/process_file/lint_and_assist.rs:68 [2;3mon[0m biome::workspace_worker_0

  [2m2026-02-22T16:44:02.725438Z[0m [34mDEBUG[0m  [34mThe file has the following feature sets: {Format: Supported, Lint: Supported, Search: NotRequested, Assist: Supported, Debug: Supported, HtmlFullSupport: FileNotSupported}[0m
    [2;3mat[0m crates/biome_service/src/workspace.rs:246 [2;3mon[0m biome::workspace_worker_5

  [2m2026-02-22T16:44:02.725793Z[0m [32m INFO[0m  [32mFix file summary result. Errors 0, skipped fixes 0, actions 0[0m
    [2;3mat[0m crates/biome_cli/src/runner/impls/process_file/lint_and_assist.rs:68 [2;3mon[0m biome::workspace_worker_7

  [2m2026-02-22T16:44:02.728559Z[0m [32m INFO[0m  [32mPulled 0 diagnostic(s), skipped 0 diagnostic(s) from /home/artu/Desktop/projects/showcases-portfolio/src/components/ui/form.tsx[0m
    [2;3mat[0m crates/biome_service/src/workspace/server.rs:1809 [2;3mon[0m biome::workspace_worker_17
    [2;3min[0m [1mpull_diagnostics[0m [2;3mwith[0m [1mrule_categories[0m: [Syntax, Lint, Action], [1mpath[0m: /home/artu/Desktop/projects/showcases-portfolio/src/components/ui/form.tsx, [1mproject_key[0m: ProjectKey(1), [1mskip[0m: [], [1monly[0m: []

  [2m2026-02-22T16:44:02.728659Z[0m [32m INFO[0m  [32mPulled 0 diagnostic(s), skipped 0 diagnostic(s) from /home/artu/Desktop/projects/showcases-portfolio/src/components/ui/input-otp.tsx[0m
    [2;3mat[0m crates/biome_service/src/workspace/server.rs:1809 [2;3mon[0m biome::workspace_worker_13
    [2;3min[0m [1mpull_diagnostics[0m [2;3mwith[0m [1mrule_categories[0m: [Syntax, Lint, Action], [1mpath[0m: /home/artu/Desktop/projects/showcases-portfolio/src/components/ui/input-otp.tsx, [1mproject_key[0m: ProjectKey(1), [1mskip[0m: [], [1monly[0m: []

  [2m2026-02-22T16:44:02.728754Z[0m [32m INFO[0m  [32mPulled 0 diagnostic(s), skipped 0 diagnostic(s) from /home/artu/Desktop/projects/showcases-portfolio/src/components/ui/input-otp.tsx[0m
    [2;3mat[0m crates/biome_service/src/workspace/server.rs:1809 [2;3mon[0m biome::workspace_worker_13
    [2;3min[0m [1mpull_diagnostics[0m [2;3mwith[0m [1mrule_categories[0m: [Syntax], [1mpath[0m: /home/artu/Desktop/projects/showcases-portfolio/src/components/ui/input-otp.tsx, [1mproject_key[0m: ProjectKey(1), [1mskip[0m: [], [1monly[0m: []

  [2m2026-02-22T16:44:02.729662Z[0m [32m INFO[0m  [32mPulled 0 diagnostic(s), skipped 0 diagnostic(s) from /home/artu/Desktop/projects/showcases-portfolio/src/components/ui/hover-card.tsx[0m
    [2;3mat[0m crates/biome_service/src/workspace/server.rs:1809 [2;3mon[0m biome::workspace_worker_9
    [2;3min[0m [1mpull_diagnostics[0m [2;3mwith[0m [1mrule_categories[0m: [Syntax, Lint, Action], [1mpath[0m: /home/artu/Desktop/projects/showcases-portfolio/src/components/ui/hover-card.tsx, [1mproject_key[0m: ProjectKey(1), [1mskip[0m: [], [1monly[0m: []

  [2m2026-02-22T16:44:02.728762Z[0m [32m INFO[0m  [32mPulled 0 diagnostic(s), skipped 0 diagnostic(s) from /home/artu/Desktop/projects/showcases-portfolio/src/components/ui/form.tsx[0m
    [2;3mat[0m crates/biome_service/src/workspace/server.rs:1809 [2;3mon[0m biome::workspace_worker_17
    [2;3min[0m [1mpull_diagnostics[0m [2;3mwith[0m [1mrule_categories[0m: [Syntax], [1mpath[0m: /home/artu/Desktop/projects/showcases-portfolio/src/components/ui/form.tsx, [1mproject_key[0m: ProjectKey(1), [1mskip[0m: [], [1monly[0m: []

  [2m2026-02-22T16:44:02.729814Z[0m [32m INFO[0m  [32mPulled 0 diagnostic(s), skipped 0 diagnostic(s) from /home/artu/Desktop/projects/showcases-portfolio/src/components/ui/hover-card.tsx[0m
    [2;3mat[0m crates/biome_service/src/workspace/server.rs:1809 [2;3mon[0m biome::workspace_worker_9
    [2;3min[0m [1mpull_diagnostics[0m [2;3mwith[0m [1mrule_categories[0m: [Syntax], [1mpath[0m: /home/artu/Desktop/projects/showcases-portfolio/src/components/ui/hover-card.tsx, [1mproject_key[0m: ProjectKey(1), [1mskip[0m: [], [1monly[0m: []

  [2m2026-02-22T16:44:02.729937Z[0m [34mDEBUG[0m  [34mJsFormatOptions { indent_style: Tab, indent_width: 2, line_ending: Lf, line_width: 100, quote_style: Double, jsx_quote_style: Double, quote_properties: AsNeeded, trailing_commas: All, semicolons: AsNeeded, arrow_parentheses: Always, bracket_spacing: BracketSpacing(true), bracket_same_line: BracketSameLine(false), source_type: JsFileSource { language: TypeScript { definition_file: false }, variant: Jsx, module_kind: Module, version: ES2022, embedding_kind: None }, attribute_position: Auto, expand: Auto, operator_linebreak: After, trailing_newline: TrailingNewline(true) }[0m
    [2;3mat[0m crates/biome_service/src/file_handlers/javascript.rs:1131 [2;3mon[0m biome::workspace_worker_9
    [2;3min[0m [1mformat_file[0m [2;3mwith[0m [1mpath[0m: /home/artu/Desktop/projects/showcases-portfolio/src/components/ui/hover-card.tsx

  [2m2026-02-22T16:44:02.729963Z[0m [34mDEBUG[0m  [34mJsFormatOptions { indent_style: Tab, indent_width: 2, line_ending: Lf, line_width: 100, quote_style: Double, jsx_quote_style: Double, quote_properties: AsNeeded, trailing_commas: All, semicolons: AsNeeded, arrow_parentheses: Always, bracket_spacing: BracketSpacing(true), bracket_same_line: BracketSameLine(false), source_type: JsFileSource { language: TypeScript { definition_file: false }, variant: Jsx, module_kind: Module, version: ES2022, embedding_kind: None }, attribute_position: Auto, expand: Auto, operator_linebreak: After, trailing_newline: TrailingNewline(true) }[0m
    [2;3mat[0m crates/biome_service/src/file_handlers/javascript.rs:1131 [2;3mon[0m biome::workspace_worker_17
    [2;3min[0m [1mformat_file[0m [2;3mwith[0m [1mpath[0m: /home/artu/Desktop/projects/showcases-portfolio/src/components/ui/form.tsx

  [2m2026-02-22T16:44:02.712836Z[0m [32m INFO[0m  [32mPulled 0 diagnostic(s), skipped 0 diagnostic(s) from /home/artu/Desktop/projects/showcases-portfolio/src/components/ui/empty.tsx[0m
    [2;3mat[0m crates/biome_service/src/workspace/server.rs:1809 [2;3mon[0m biome::workspace_worker_16
    [2;3min[0m [1mpull_diagnostics[0m [2;3mwith[0m [1mrule_categories[0m: [Syntax], [1mpath[0m: /home/artu/Desktop/projects/showcases-portfolio/src/components/ui/empty.tsx, [1mproject_key[0m: ProjectKey(1), [1mskip[0m: [], [1monly[0m: []

  [2m2026-02-22T16:44:02.730411Z[0m [34mDEBUG[0m  [34mJsFormatOptions { indent_style: Tab, indent_width: 2, line_ending: Lf, line_width: 100, quote_style: Double, jsx_quote_style: Double, quote_properties: AsNeeded, trailing_commas: All, semicolons: AsNeeded, arrow_parentheses: Always, bracket_spacing: BracketSpacing(true), bracket_same_line: BracketSameLine(false), source_type: JsFileSource { language: TypeScript { definition_file: false }, variant: Jsx, module_kind: Module, version: ES2022, embedding_kind: None }, attribute_position: Auto, expand: Auto, operator_linebreak: After, trailing_newline: TrailingNewline(true) }[0m
    [2;3mat[0m crates/biome_service/src/file_handlers/javascript.rs:1131 [2;3mon[0m biome::workspace_worker_16
    [2;3min[0m [1mformat_file[0m [2;3mwith[0m [1mpath[0m: /home/artu/Desktop/projects/showcases-portfolio/src/components/ui/empty.tsx

  [2m2026-02-22T16:44:02.729950Z[0m [32m INFO[0m  [32mPulled 0 diagnostic(s), skipped 0 diagnostic(s) from /home/artu/Desktop/projects/showcases-portfolio/src/components/ui/input-group.tsx[0m
    [2;3mat[0m crates/biome_service/src/workspace/server.rs:1809 [2;3mon[0m biome::workspace_worker_4
    [2;3min[0m [1mpull_diagnostics[0m [2;3mwith[0m [1mrule_categories[0m: [Syntax, Lint, Action], [1mpath[0m: /home/artu/Desktop/projects/showcases-portfolio/src/components/ui/input-group.tsx, [1mproject_key[0m: ProjectKey(1), [1mskip[0m: [], [1monly[0m: []

  [2m2026-02-22T16:44:02.730951Z[0m [32m INFO[0m  [32mPulled 0 diagnostic(s), skipped 0 diagnostic(s) from /home/artu/Desktop/projects/showcases-portfolio/src/components/ui/input-group.tsx[0m
    [2;3mat[0m crates/biome_service/src/workspace/server.rs:1809 [2;3mon[0m biome::workspace_worker_4
    [2;3min[0m [1mpull_diagnostics[0m [2;3mwith[0m [1mrule_categories[0m: [Syntax], [1mpath[0m: /home/artu/Desktop/projects/showcases-portfolio/src/components/ui/input-group.tsx, [1mproject_key[0m: ProjectKey(1), [1mskip[0m: [], [1monly[0m: []

  [2m2026-02-22T16:44:02.731035Z[0m [34mDEBUG[0m  [34mJsFormatOptions { indent_style: Tab, indent_width: 2, line_ending: Lf, line_width: 100, quote_style: Double, jsx_quote_style: Double, quote_properties: AsNeeded, trailing_commas: All, semicolons: AsNeeded, arrow_parentheses: Always, bracket_spacing: BracketSpacing(true), bracket_same_line: BracketSameLine(false), source_type: JsFileSource { language: TypeScript { definition_file: false }, variant: Jsx, module_kind: Module, version: ES2022, embedding_kind: None }, attribute_position: Auto, expand: Auto, operator_linebreak: After, trailing_newline: TrailingNewline(true) }[0m
    [2;3mat[0m crates/biome_service/src/file_handlers/javascript.rs:1131 [2;3mon[0m biome::workspace_worker_4
    [2;3min[0m [1mformat_file[0m [2;3mwith[0m [1mpath[0m: /home/artu/Desktop/projects/showcases-portfolio/src/components/ui/input-group.tsx

  [2m2026-02-22T16:44:02.731234Z[0m [34mDEBUG[0m  [34mFormat output is different from input: false[0m
    [2;3mat[0m crates/biome_cli/src/runner/impls/process_file/format.rs:106 [2;3mon[0m biome::workspace_worker_16

  [2m2026-02-22T16:44:02.731401Z[0m [34mDEBUG[0m  [34mThe file has the following feature sets: {Format: Supported, Lint: Supported, Search: NotRequested, Assist: Supported, Debug: Supported, HtmlFullSupport: FileNotSupported}[0m
    [2;3mat[0m crates/biome_service/src/workspace.rs:246 [2;3mon[0m biome::workspace_worker_16

  [2m2026-02-22T16:44:02.731417Z[0m [34mDEBUG[0m  [34mFormat output is different from input: false[0m
    [2;3mat[0m crates/biome_cli/src/runner/impls/process_file/format.rs:106 [2;3mon[0m biome::workspace_worker_17

  [2m2026-02-22T16:44:02.731588Z[0m [34mDEBUG[0m  [34mThe file has the following feature sets: {Format: Supported, Lint: Supported, Search: NotRequested, Assist: Supported, Debug: Supported, HtmlFullSupport: FileNotSupported}[0m
    [2;3mat[0m crates/biome_service/src/workspace.rs:246 [2;3mon[0m biome::workspace_worker_17

  [2m2026-02-22T16:44:02.731924Z[0m [34mDEBUG[0m  [34mFormat output is different from input: false[0m
    [2;3mat[0m crates/biome_cli/src/runner/impls/process_file/format.rs:106 [2;3mon[0m biome::workspace_worker_4

  [2m2026-02-22T16:44:02.732031Z[0m [34mDEBUG[0m  [34mThe file has the following feature sets: {Format: Supported, Lint: Supported, Search: NotRequested, Assist: Supported, Debug: Supported, HtmlFullSupport: FileNotSupported}[0m
    [2;3mat[0m crates/biome_service/src/workspace.rs:246 [2;3mon[0m biome::workspace_worker_4

  [2m2026-02-22T16:44:02.732501Z[0m [32m INFO[0m  [32mPulled 0 diagnostic(s), skipped 0 diagnostic(s) from /home/artu/Desktop/projects/showcases-portfolio/src/components/ui/item.tsx[0m
    [2;3mat[0m crates/biome_service/src/workspace/server.rs:1809 [2;3mon[0m biome::workspace_worker_7
    [2;3min[0m [1mpull_diagnostics[0m [2;3mwith[0m [1mrule_categories[0m: [Syntax, Lint, Action], [1mpath[0m: /home/artu/Desktop/projects/showcases-portfolio/src/components/ui/item.tsx, [1mproject_key[0m: ProjectKey(1), [1mskip[0m: [], [1monly[0m: []

  [2m2026-02-22T16:44:02.732769Z[0m [32m INFO[0m  [32mPulled 0 diagnostic(s), skipped 0 diagnostic(s) from /home/artu/Desktop/projects/showcases-portfolio/src/components/ui/item.tsx[0m
    [2;3mat[0m crates/biome_service/src/workspace/server.rs:1809 [2;3mon[0m biome::workspace_worker_7
    [2;3min[0m [1mpull_diagnostics[0m [2;3mwith[0m [1mrule_categories[0m: [Syntax], [1mpath[0m: /home/artu/Desktop/projects/showcases-portfolio/src/components/ui/item.tsx, [1mproject_key[0m: ProjectKey(1), [1mskip[0m: [], [1monly[0m: []

  [2m2026-02-22T16:44:02.732995Z[0m [34mDEBUG[0m  [34mJsFormatOptions { indent_style: Tab, indent_width: 2, line_ending: Lf, line_width: 100, quote_style: Double, jsx_quote_style: Double, quote_properties: AsNeeded, trailing_commas: All, semicolons: AsNeeded, arrow_parentheses: Always, bracket_spacing: BracketSpacing(true), bracket_same_line: BracketSameLine(false), source_type: JsFileSource { language: TypeScript { definition_file: false }, variant: Jsx, module_kind: Module, version: ES2022, embedding_kind: None }, attribute_position: Auto, expand: Auto, operator_linebreak: After, trailing_newline: TrailingNewline(true) }[0m
    [2;3mat[0m crates/biome_service/src/file_handlers/javascript.rs:1131 [2;3mon[0m biome::workspace_worker_7
    [2;3min[0m [1mformat_file[0m [2;3mwith[0m [1mpath[0m: /home/artu/Desktop/projects/showcases-portfolio/src/components/ui/item.tsx

  [2m2026-02-22T16:44:02.733716Z[0m [32m INFO[0m  [32mFix file summary result. Errors 0, skipped fixes 0, actions 0[0m
    [2;3mat[0m crates/biome_cli/src/runner/impls/process_file/lint_and_assist.rs:68 [2;3mon[0m biome::workspace_worker_5

  [2m2026-02-22T16:44:02.734493Z[0m [32m INFO[0m  [32mFix file summary result. Errors 0, skipped fixes 0, actions 0[0m
    [2;3mat[0m crates/biome_cli/src/runner/impls/process_file/lint_and_assist.rs:68 [2;3mon[0m biome::workspace_worker_11

  [2m2026-02-22T16:44:02.734728Z[0m [34mDEBUG[0m  [34mFormat output is different from input: false[0m
    [2;3mat[0m crates/biome_cli/src/runner/impls/process_file/format.rs:106 [2;3mon[0m biome::workspace_worker_7

  [2m2026-02-22T16:44:02.735022Z[0m [34mDEBUG[0m  [34mThe file has the following feature sets: {Format: Supported, Lint: Supported, Search: NotRequested, Assist: Supported, Debug: Supported, HtmlFullSupport: FileNotSupported}[0m
    [2;3mat[0m crates/biome_service/src/workspace.rs:246 [2;3mon[0m biome::workspace_worker_7

  [2m2026-02-22T16:44:02.735514Z[0m [32m INFO[0m  [32mPulled 0 diagnostic(s), skipped 0 diagnostic(s) from /home/artu/Desktop/projects/showcases-portfolio/src/components/ui/dropdown-menu.tsx[0m
    [2;3mat[0m crates/biome_service/src/workspace/server.rs:1809 [2;3mon[0m biome::workspace_worker_0
    [2;3min[0m [1mpull_diagnostics[0m [2;3mwith[0m [1mrule_categories[0m: [Syntax, Lint, Action], [1mpath[0m: /home/artu/Desktop/projects/showcases-portfolio/src/components/ui/dropdown-menu.tsx, [1mproject_key[0m: ProjectKey(1), [1mskip[0m: [], [1monly[0m: []

  [2m2026-02-22T16:44:02.735609Z[0m [32m INFO[0m  [32mPulled 0 diagnostic(s), skipped 0 diagnostic(s) from /home/artu/Desktop/projects/showcases-portfolio/src/components/ui/dropdown-menu.tsx[0m
    [2;3mat[0m crates/biome_service/src/workspace/server.rs:1809 [2;3mon[0m biome::workspace_worker_0
    [2;3min[0m [1mpull_diagnostics[0m [2;3mwith[0m [1mrule_categories[0m: [Syntax], [1mpath[0m: /home/artu/Desktop/projects/showcases-portfolio/src/components/ui/dropdown-menu.tsx, [1mproject_key[0m: ProjectKey(1), [1mskip[0m: [], [1monly[0m: []

  [2m2026-02-22T16:44:02.735680Z[0m [34mDEBUG[0m  [34mJsFormatOptions { indent_style: Tab, indent_width: 2, line_ending: Lf, line_width: 100, quote_style: Double, jsx_quote_style: Double, quote_properties: AsNeeded, trailing_commas: All, semicolons: AsNeeded, arrow_parentheses: Always, bracket_spacing: BracketSpacing(true), bracket_same_line: BracketSameLine(false), source_type: JsFileSource { language: TypeScript { definition_file: false }, variant: Jsx, module_kind: Module, version: ES2022, embedding_kind: None }, attribute_position: Auto, expand: Auto, operator_linebreak: After, trailing_newline: TrailingNewline(true) }[0m
    [2;3mat[0m crates/biome_service/src/file_handlers/javascript.rs:1131 [2;3mon[0m biome::workspace_worker_0
    [2;3min[0m [1mformat_file[0m [2;3mwith[0m [1mpath[0m: /home/artu/Desktop/projects/showcases-portfolio/src/components/ui/dropdown-menu.tsx

  [2m2026-02-22T16:44:02.735798Z[0m [34mDEBUG[0m  [34mJsFormatOptions { indent_style: Tab, indent_width: 2, line_ending: Lf, line_width: 100, quote_style: Double, jsx_quote_style: Double, quote_properties: AsNeeded, trailing_commas: All, semicolons: AsNeeded, arrow_parentheses: Always, bracket_spacing: BracketSpacing(true), bracket_same_line: BracketSameLine(false), source_type: JsFileSource { language: TypeScript { definition_file: false }, variant: Jsx, module_kind: Module, version: ES2022, embedding_kind: None }, attribute_position: Auto, expand: Auto, operator_linebreak: After, trailing_newline: TrailingNewline(true) }[0m
    [2;3mat[0m crates/biome_service/src/file_handlers/javascript.rs:1131 [2;3mon[0m biome::workspace_worker_13
    [2;3min[0m [1mformat_file[0m [2;3mwith[0m [1mpath[0m: /home/artu/Desktop/projects/showcases-portfolio/src/components/ui/input-otp.tsx

  [2m2026-02-22T16:44:02.736553Z[0m [34mDEBUG[0m  [34mFormat output is different from input: false[0m
    [2;3mat[0m crates/biome_cli/src/runner/impls/process_file/format.rs:106 [2;3mon[0m biome::workspace_worker_13

  [2m2026-02-22T16:44:02.736814Z[0m [34mDEBUG[0m  [34mFormat output is different from input: false[0m
    [2;3mat[0m crates/biome_cli/src/runner/impls/process_file/format.rs:106 [2;3mon[0m biome::workspace_worker_0

  [2m2026-02-22T16:44:02.738213Z[0m [34mDEBUG[0m  [34mThe file has the following feature sets: {Format: Supported, Lint: Supported, Search: NotRequested, Assist: Supported, Debug: Supported, HtmlFullSupport: FileNotSupported}[0m
    [2;3mat[0m crates/biome_service/src/workspace.rs:246 [2;3mon[0m biome::workspace_worker_13

  [2m2026-02-22T16:44:02.738606Z[0m [32m INFO[0m  [32mPulled 0 diagnostic(s), skipped 0 diagnostic(s) from /home/artu/Desktop/projects/showcases-portfolio/src/components/ui/navigation-menu.tsx[0m
    [2;3mat[0m crates/biome_service/src/workspace/server.rs:1809 [2;3mon[0m biome::workspace_worker_3
    [2;3min[0m [1mpull_diagnostics[0m [2;3mwith[0m [1mrule_categories[0m: [Syntax, Lint, Action], [1mpath[0m: /home/artu/Desktop/projects/showcases-portfolio/src/components/ui/navigation-menu.tsx, [1mproject_key[0m: ProjectKey(1), [1mskip[0m: [], [1monly[0m: []

  [2m2026-02-22T16:44:02.738722Z[0m [32m INFO[0m  [32mPulled 0 diagnostic(s), skipped 0 diagnostic(s) from /home/artu/Desktop/projects/showcases-portfolio/src/components/ui/navigation-menu.tsx[0m
    [2;3mat[0m crates/biome_service/src/workspace/server.rs:1809 [2;3mon[0m biome::workspace_worker_3
    [2;3min[0m [1mpull_diagnostics[0m [2;3mwith[0m [1mrule_categories[0m: [Syntax], [1mpath[0m: /home/artu/Desktop/projects/showcases-portfolio/src/components/ui/navigation-menu.tsx, [1mproject_key[0m: ProjectKey(1), [1mskip[0m: [], [1monly[0m: []

  [2m2026-02-22T16:44:02.738801Z[0m [34mDEBUG[0m  [34mJsFormatOptions { indent_style: Tab, indent_width: 2, line_ending: Lf, line_width: 100, quote_style: Double, jsx_quote_style: Double, quote_properties: AsNeeded, trailing_commas: All, semicolons: AsNeeded, arrow_parentheses: Always, bracket_spacing: BracketSpacing(true), bracket_same_line: BracketSameLine(false), source_type: JsFileSource { language: TypeScript { definition_file: false }, variant: Jsx, module_kind: Module, version: ES2022, embedding_kind: None }, attribute_position: Auto, expand: Auto, operator_linebreak: After, trailing_newline: TrailingNewline(true) }[0m
    [2;3mat[0m crates/biome_service/src/file_handlers/javascript.rs:1131 [2;3mon[0m biome::workspace_worker_3
    [2;3min[0m [1mformat_file[0m [2;3mwith[0m [1mpath[0m: /home/artu/Desktop/projects/showcases-portfolio/src/components/ui/navigation-menu.tsx

  [2m2026-02-22T16:44:02.738956Z[0m [32m INFO[0m  [32mFix file summary result. Errors 0, skipped fixes 0, actions 0[0m
    [2;3mat[0m crates/biome_cli/src/runner/impls/process_file/lint_and_assist.rs:68 [2;3mon[0m biome::workspace_worker_14

  [2m2026-02-22T16:44:02.739656Z[0m [34mDEBUG[0m  [34mFormat output is different from input: false[0m
    [2;3mat[0m crates/biome_cli/src/runner/impls/process_file/format.rs:106 [2;3mon[0m biome::workspace_worker_3

  [2m2026-02-22T16:44:02.739824Z[0m [34mDEBUG[0m  [34mThe file has the following feature sets: {Format: Supported, Lint: Supported, Search: NotRequested, Assist: Supported, Debug: Supported, HtmlFullSupport: FileNotSupported}[0m
    [2;3mat[0m crates/biome_service/src/workspace.rs:246 [2;3mon[0m biome::workspace_worker_3

  [2m2026-02-22T16:44:02.740155Z[0m [34mDEBUG[0m  [34mThe file has the following feature sets: {Format: Supported, Lint: Supported, Search: NotRequested, Assist: Supported, Debug: Supported, HtmlFullSupport: FileNotSupported}[0m
    [2;3mat[0m crates/biome_service/src/workspace.rs:246 [2;3mon[0m biome::workspace_worker_0

  [2m2026-02-22T16:44:02.741163Z[0m [32m INFO[0m  [32mPulled 0 diagnostic(s), skipped 0 diagnostic(s) from /home/artu/Desktop/projects/showcases-portfolio/src/components/ui/resizable.tsx[0m
    [2;3mat[0m crates/biome_service/src/workspace/server.rs:1809 [2;3mon[0m biome::workspace_worker_5
    [2;3min[0m [1mpull_diagnostics[0m [2;3mwith[0m [1mrule_categories[0m: [Syntax, Lint, Action], [1mpath[0m: /home/artu/Desktop/projects/showcases-portfolio/src/components/ui/resizable.tsx, [1mproject_key[0m: ProjectKey(1), [1mskip[0m: [], [1monly[0m: []

  [2m2026-02-22T16:44:02.741254Z[0m [32m INFO[0m  [32mFix file summary result. Errors 0, skipped fixes 0, actions 0[0m
    [2;3mat[0m crates/biome_cli/src/runner/impls/process_file/lint_and_assist.rs:68 [2;3mon[0m biome::workspace_worker_7

  [2m2026-02-22T16:44:02.741311Z[0m [32m INFO[0m  [32mPulled 0 diagnostic(s), skipped 0 diagnostic(s) from /home/artu/Desktop/projects/showcases-portfolio/src/components/ui/resizable.tsx[0m
    [2;3mat[0m crates/biome_service/src/workspace/server.rs:1809 [2;3mon[0m biome::workspace_worker_5
    [2;3min[0m [1mpull_diagnostics[0m [2;3mwith[0m [1mrule_categories[0m: [Syntax], [1mpath[0m: /home/artu/Desktop/projects/showcases-portfolio/src/components/ui/resizable.tsx, [1mproject_key[0m: ProjectKey(1), [1mskip[0m: [], [1monly[0m: []

  [2m2026-02-22T16:44:02.741648Z[0m [32m INFO[0m  [32mFix file summary result. Errors 0, skipped fixes 0, actions 0[0m
    [2;3mat[0m crates/biome_cli/src/runner/impls/process_file/lint_and_assist.rs:68 [2;3mon[0m biome::workspace_worker_2

  [2m2026-02-22T16:44:02.741734Z[0m [32m INFO[0m  [32mFix file summary result. Errors 0, skipped fixes 0, actions 0[0m
    [2;3mat[0m crates/biome_cli/src/runner/impls/process_file/lint_and_assist.rs:68 [2;3mon[0m biome::workspace_worker_12

  [2m2026-02-22T16:44:02.742047Z[0m [32m INFO[0m  [32mFix file summary result. Errors 0, skipped fixes 0, actions 0[0m
    [2;3mat[0m crates/biome_cli/src/runner/impls/process_file/lint_and_assist.rs:68 [2;3mon[0m biome::workspace_worker_4

  [2m2026-02-22T16:44:02.742561Z[0m [32m INFO[0m  [32mFix file summary result. Errors 0, skipped fixes 0, actions 0[0m
    [2;3mat[0m crates/biome_cli/src/runner/impls/process_file/lint_and_assist.rs:68 [2;3mon[0m biome::workspace_worker_1

  [2m2026-02-22T16:44:02.742645Z[0m [34mDEBUG[0m  [34mJsFormatOptions { indent_style: Tab, indent_width: 2, line_ending: Lf, line_width: 100, quote_style: Double, jsx_quote_style: Double, quote_properties: AsNeeded, trailing_commas: All, semicolons: AsNeeded, arrow_parentheses: Always, bracket_spacing: BracketSpacing(true), bracket_same_line: BracketSameLine(false), source_type: JsFileSource { language: TypeScript { definition_file: false }, variant: Jsx, module_kind: Module, version: ES2022, embedding_kind: None }, attribute_position: Auto, expand: Auto, operator_linebreak: After, trailing_newline: TrailingNewline(true) }[0m
    [2;3mat[0m crates/biome_service/src/file_handlers/javascript.rs:1131 [2;3mon[0m biome::workspace_worker_5
    [2;3min[0m [1mformat_file[0m [2;3mwith[0m [1mpath[0m: /home/artu/Desktop/projects/showcases-portfolio/src/components/ui/resizable.tsx

  [2m2026-02-22T16:44:02.742857Z[0m [32m INFO[0m  [32mFix file summary result. Errors 0, skipped fixes 0, actions 0[0m
    [2;3mat[0m crates/biome_cli/src/runner/impls/process_file/lint_and_assist.rs:68 [2;3mon[0m biome::workspace_worker_15

  [2m2026-02-22T16:44:02.743195Z[0m [34mDEBUG[0m  [34mFormat output is different from input: false[0m
    [2;3mat[0m crates/biome_cli/src/runner/impls/process_file/format.rs:106 [2;3mon[0m biome::workspace_worker_5

  [2m2026-02-22T16:44:02.743354Z[0m [34mDEBUG[0m  [34mThe file has the following feature sets: {Format: Supported, Lint: Supported, Search: NotRequested, Assist: Supported, Debug: Supported, HtmlFullSupport: FileNotSupported}[0m
    [2;3mat[0m crates/biome_service/src/workspace.rs:246 [2;3mon[0m biome::workspace_worker_5

  [2m2026-02-22T16:44:02.743704Z[0m [32m INFO[0m  [32mPulled 0 diagnostic(s), skipped 0 diagnostic(s) from /home/artu/Desktop/projects/showcases-portfolio/src/components/ui/separator.tsx[0m
    [2;3mat[0m crates/biome_service/src/workspace/server.rs:1809 [2;3mon[0m biome::workspace_worker_4
    [2;3min[0m [1mpull_diagnostics[0m [2;3mwith[0m [1mrule_categories[0m: [Syntax, Lint, Action], [1mpath[0m: /home/artu/Desktop/projects/showcases-portfolio/src/components/ui/separator.tsx, [1mproject_key[0m: ProjectKey(1), [1mskip[0m: [], [1monly[0m: []

  [2m2026-02-22T16:44:02.743801Z[0m [32m INFO[0m  [32mPulled 0 diagnostic(s), skipped 0 diagnostic(s) from /home/artu/Desktop/projects/showcases-portfolio/src/components/ui/separator.tsx[0m
    [2;3mat[0m crates/biome_service/src/workspace/server.rs:1809 [2;3mon[0m biome::workspace_worker_4
    [2;3min[0m [1mpull_diagnostics[0m [2;3mwith[0m [1mrule_categories[0m: [Syntax], [1mpath[0m: /home/artu/Desktop/projects/showcases-portfolio/src/components/ui/separator.tsx, [1mproject_key[0m: ProjectKey(1), [1mskip[0m: [], [1monly[0m: []

  [2m2026-02-22T16:44:02.743872Z[0m [34mDEBUG[0m  [34mJsFormatOptions { indent_style: Tab, indent_width: 2, line_ending: Lf, line_width: 100, quote_style: Double, jsx_quote_style: Double, quote_properties: AsNeeded, trailing_commas: All, semicolons: AsNeeded, arrow_parentheses: Always, bracket_spacing: BracketSpacing(true), bracket_same_line: BracketSameLine(false), source_type: JsFileSource { language: TypeScript { definition_file: false }, variant: Jsx, module_kind: Module, version: ES2022, embedding_kind: None }, attribute_position: Auto, expand: Auto, operator_linebreak: After, trailing_newline: TrailingNewline(true) }[0m
    [2;3mat[0m crates/biome_service/src/file_handlers/javascript.rs:1131 [2;3mon[0m biome::workspace_worker_4
    [2;3min[0m [1mformat_file[0m [2;3mwith[0m [1mpath[0m: /home/artu/Desktop/projects/showcases-portfolio/src/components/ui/separator.tsx

  [2m2026-02-22T16:44:02.744106Z[0m [34mDEBUG[0m  [34mFormat output is different from input: false[0m
    [2;3mat[0m crates/biome_cli/src/runner/impls/process_file/format.rs:106 [2;3mon[0m biome::workspace_worker_4

  [2m2026-02-22T16:44:02.744125Z[0m [32m INFO[0m  [32mFix file summary result. Errors 0, skipped fixes 0, actions 0[0m
    [2;3mat[0m crates/biome_cli/src/runner/impls/process_file/lint_and_assist.rs:68 [2;3mon[0m biome::workspace_worker_8

  [2m2026-02-22T16:44:02.744205Z[0m [34mDEBUG[0m  [34mThe file has the following feature sets: {Format: Supported, Lint: Supported, Search: NotRequested, Assist: Supported, Debug: Supported, HtmlFullSupport: FileNotSupported}[0m
    [2;3mat[0m crates/biome_service/src/workspace.rs:246 [2;3mon[0m biome::workspace_worker_4

  [2m2026-02-22T16:44:02.745107Z[0m [32m INFO[0m  [32mPulled 0 diagnostic(s), skipped 0 diagnostic(s) from /home/artu/Desktop/projects/showcases-portfolio/src/components/ui/sheet.tsx[0m
    [2;3mat[0m crates/biome_service/src/workspace/server.rs:1809 [2;3mon[0m biome::workspace_worker_7
    [2;3min[0m [1mpull_diagnostics[0m [2;3mwith[0m [1mrule_categories[0m: [Syntax, Lint, Action], [1mpath[0m: /home/artu/Desktop/projects/showcases-portfolio/src/components/ui/sheet.tsx, [1mproject_key[0m: ProjectKey(1), [1mskip[0m: [], [1monly[0m: []

  [2m2026-02-22T16:44:02.745358Z[0m [32m INFO[0m  [32mPulled 0 diagnostic(s), skipped 0 diagnostic(s) from /home/artu/Desktop/projects/showcases-portfolio/src/components/ui/sheet.tsx[0m
    [2;3mat[0m crates/biome_service/src/workspace/server.rs:1809 [2;3mon[0m biome::workspace_worker_7
    [2;3min[0m [1mpull_diagnostics[0m [2;3mwith[0m [1mrule_categories[0m: [Syntax], [1mpath[0m: /home/artu/Desktop/projects/showcases-portfolio/src/components/ui/sheet.tsx, [1mproject_key[0m: ProjectKey(1), [1mskip[0m: [], [1monly[0m: []

  [2m2026-02-22T16:44:02.745551Z[0m [34mDEBUG[0m  [34mJsFormatOptions { indent_style: Tab, indent_width: 2, line_ending: Lf, line_width: 100, quote_style: Double, jsx_quote_style: Double, quote_properties: AsNeeded, trailing_commas: All, semicolons: AsNeeded, arrow_parentheses: Always, bracket_spacing: BracketSpacing(true), bracket_same_line: BracketSameLine(false), source_type: JsFileSource { language: TypeScript { definition_file: false }, variant: Jsx, module_kind: Module, version: ES2022, embedding_kind: None }, attribute_position: Auto, expand: Auto, operator_linebreak: After, trailing_newline: TrailingNewline(true) }[0m
    [2;3mat[0m crates/biome_service/src/file_handlers/javascript.rs:1131 [2;3mon[0m biome::workspace_worker_7
    [2;3min[0m [1mformat_file[0m [2;3mwith[0m [1mpath[0m: /home/artu/Desktop/projects/showcases-portfolio/src/components/ui/sheet.tsx

  [2m2026-02-22T16:44:02.746461Z[0m [34mDEBUG[0m  [34mFormat output is different from input: false[0m
    [2;3mat[0m crates/biome_cli/src/runner/impls/process_file/format.rs:106 [2;3mon[0m biome::workspace_worker_7

  [2m2026-02-22T16:44:02.746669Z[0m [32m INFO[0m  [32mPulled 0 diagnostic(s), skipped 0 diagnostic(s) from /home/artu/Desktop/projects/showcases-portfolio/src/components/ui/progress.tsx[0m
    [2;3mat[0m crates/biome_service/src/workspace/server.rs:1809 [2;3mon[0m biome::workspace_worker_11
    [2;3min[0m [1mpull_diagnostics[0m [2;3mwith[0m [1mrule_categories[0m: [Syntax, Lint, Action], [1mpath[0m: /home/artu/Desktop/projects/showcases-portfolio/src/components/ui/progress.tsx, [1mproject_key[0m: ProjectKey(1), [1mskip[0m: [], [1monly[0m: []

  [2m2026-02-22T16:44:02.746798Z[0m [34mDEBUG[0m  [34mThe file has the following feature sets: {Format: Supported, Lint: Supported, Search: NotRequested, Assist: Supported, Debug: Supported, HtmlFullSupport: FileNotSupported}[0m
    [2;3mat[0m crates/biome_service/src/workspace.rs:246 [2;3mon[0m biome::workspace_worker_7

  [2m2026-02-22T16:44:02.746831Z[0m [32m INFO[0m  [32mPulled 0 diagnostic(s), skipped 0 diagnostic(s) from /home/artu/Desktop/projects/showcases-portfolio/src/components/ui/progress.tsx[0m
    [2;3mat[0m crates/biome_service/src/workspace/server.rs:1809 [2;3mon[0m biome::workspace_worker_11
    [2;3min[0m [1mpull_diagnostics[0m [2;3mwith[0m [1mrule_categories[0m: [Syntax], [1mpath[0m: /home/artu/Desktop/projects/showcases-portfolio/src/components/ui/progress.tsx, [1mproject_key[0m: ProjectKey(1), [1mskip[0m: [], [1monly[0m: []

  [2m2026-02-22T16:44:02.746937Z[0m [34mDEBUG[0m  [34mJsFormatOptions { indent_style: Tab, indent_width: 2, line_ending: Lf, line_width: 100, quote_style: Double, jsx_quote_style: Double, quote_properties: AsNeeded, trailing_commas: All, semicolons: AsNeeded, arrow_parentheses: Always, bracket_spacing: BracketSpacing(true), bracket_same_line: BracketSameLine(false), source_type: JsFileSource { language: TypeScript { definition_file: false }, variant: Jsx, module_kind: Module, version: ES2022, embedding_kind: None }, attribute_position: Auto, expand: Auto, operator_linebreak: After, trailing_newline: TrailingNewline(true) }[0m
    [2;3mat[0m crates/biome_service/src/file_handlers/javascript.rs:1131 [2;3mon[0m biome::workspace_worker_11
    [2;3min[0m [1mformat_file[0m [2;3mwith[0m [1mpath[0m: /home/artu/Desktop/projects/showcases-portfolio/src/components/ui/progress.tsx

  [2m2026-02-22T16:44:02.747289Z[0m [32m INFO[0m  [32mPulled 0 diagnostic(s), skipped 0 diagnostic(s) from /home/artu/Desktop/projects/showcases-portfolio/src/components/ui/field.tsx[0m
    [2;3mat[0m crates/biome_service/src/workspace/server.rs:1809 [2;3mon[0m biome::workspace_worker_6
    [2;3min[0m [1mpull_diagnostics[0m [2;3mwith[0m [1mrule_categories[0m: [Syntax, Lint, Action], [1mpath[0m: /home/artu/Desktop/projects/showcases-portfolio/src/components/ui/field.tsx, [1mproject_key[0m: ProjectKey(1), [1mskip[0m: [], [1monly[0m: []

  [2m2026-02-22T16:44:02.747389Z[0m [32m INFO[0m  [32mPulled 0 diagnostic(s), skipped 0 diagnostic(s) from /home/artu/Desktop/projects/showcases-portfolio/src/components/ui/field.tsx[0m
    [2;3mat[0m crates/biome_service/src/workspace/server.rs:1809 [2;3mon[0m biome::workspace_worker_6
    [2;3min[0m [1mpull_diagnostics[0m [2;3mwith[0m [1mrule_categories[0m: [Syntax], [1mpath[0m: /home/artu/Desktop/projects/showcases-portfolio/src/components/ui/field.tsx, [1mproject_key[0m: ProjectKey(1), [1mskip[0m: [], [1monly[0m: []

  [2m2026-02-22T16:44:02.747477Z[0m [34mDEBUG[0m  [34mJsFormatOptions { indent_style: Tab, indent_width: 2, line_ending: Lf, line_width: 100, quote_style: Double, jsx_quote_style: Double, quote_properties: AsNeeded, trailing_commas: All, semicolons: AsNeeded, arrow_parentheses: Always, bracket_spacing: BracketSpacing(true), bracket_same_line: BracketSameLine(false), source_type: JsFileSource { language: TypeScript { definition_file: false }, variant: Jsx, module_kind: Module, version: ES2022, embedding_kind: None }, attribute_position: Auto, expand: Auto, operator_linebreak: After, trailing_newline: TrailingNewline(true) }[0m
    [2;3mat[0m crates/biome_service/src/file_handlers/javascript.rs:1131 [2;3mon[0m biome::workspace_worker_6
    [2;3min[0m [1mformat_file[0m [2;3mwith[0m [1mpath[0m: /home/artu/Desktop/projects/showcases-portfolio/src/components/ui/field.tsx

  [2m2026-02-22T16:44:02.748828Z[0m [32m INFO[0m  [32mFix file summary result. Errors 0, skipped fixes 0, actions 0[0m
    [2;3mat[0m crates/biome_cli/src/runner/impls/process_file/lint_and_assist.rs:68 [2;3mon[0m biome::workspace_worker_3

  [2m2026-02-22T16:44:02.742573Z[0m [34mDEBUG[0m  [34mFormat output is different from input: false[0m
    [2;3mat[0m crates/biome_cli/src/runner/impls/process_file/format.rs:106 [2;3mon[0m biome::workspace_worker_9

  [2m2026-02-22T16:44:02.749268Z[0m [34mDEBUG[0m  [34mFormat output is different from input: false[0m
    [2;3mat[0m crates/biome_cli/src/runner/impls/process_file/format.rs:106 [2;3mon[0m biome::workspace_worker_6

  [2m2026-02-22T16:44:02.749302Z[0m [34mDEBUG[0m  [34mThe file has the following feature sets: {Format: Supported, Lint: Supported, Search: NotRequested, Assist: Supported, Debug: Supported, HtmlFullSupport: FileNotSupported}[0m
    [2;3mat[0m crates/biome_service/src/workspace.rs:246 [2;3mon[0m biome::workspace_worker_9

  [2m2026-02-22T16:44:02.749443Z[0m [32m INFO[0m  [32mFix file summary result. Errors 0, skipped fixes 0, actions 0[0m
    [2;3mat[0m crates/biome_cli/src/runner/impls/process_file/lint_and_assist.rs:68 [2;3mon[0m biome::workspace_worker_5

  [2m2026-02-22T16:44:02.750042Z[0m [32m INFO[0m  [32mFix file summary result. Errors 0, skipped fixes 0, actions 0[0m
    [2;3mat[0m crates/biome_cli/src/runner/impls/process_file/lint_and_assist.rs:68 [2;3mon[0m biome::workspace_worker_7

  [2m2026-02-22T16:44:02.750160Z[0m [32m INFO[0m  [32mPulled 0 diagnostic(s), skipped 0 diagnostic(s) from /home/artu/Desktop/projects/showcases-portfolio/src/components/ui/popover.tsx[0m
    [2;3mat[0m crates/biome_service/src/workspace/server.rs:1809 [2;3mon[0m biome::workspace_worker_8
    [2;3min[0m [1mpull_diagnostics[0m [2;3mwith[0m [1mrule_categories[0m: [Syntax, Lint, Action], [1mpath[0m: /home/artu/Desktop/projects/showcases-portfolio/src/components/ui/popover.tsx, [1mproject_key[0m: ProjectKey(1), [1mskip[0m: [], [1monly[0m: []

  [2m2026-02-22T16:44:02.750428Z[0m [32m INFO[0m  [32mPulled 0 diagnostic(s), skipped 0 diagnostic(s) from /home/artu/Desktop/projects/showcases-portfolio/src/components/ui/popover.tsx[0m
    [2;3mat[0m crates/biome_service/src/workspace/server.rs:1809 [2;3mon[0m biome::workspace_worker_8
    [2;3min[0m [1mpull_diagnostics[0m [2;3mwith[0m [1mrule_categories[0m: [Syntax], [1mpath[0m: /home/artu/Desktop/projects/showcases-portfolio/src/components/ui/popover.tsx, [1mproject_key[0m: ProjectKey(1), [1mskip[0m: [], [1monly[0m: []

  [2m2026-02-22T16:44:02.750520Z[0m [34mDEBUG[0m  [34mJsFormatOptions { indent_style: Tab, indent_width: 2, line_ending: Lf, line_width: 100, quote_style: Double, jsx_quote_style: Double, quote_properties: AsNeeded, trailing_commas: All, semicolons: AsNeeded, arrow_parentheses: Always, bracket_spacing: BracketSpacing(true), bracket_same_line: BracketSameLine(false), source_type: JsFileSource { language: TypeScript { definition_file: false }, variant: Jsx, module_kind: Module, version: ES2022, embedding_kind: None }, attribute_position: Auto, expand: Auto, operator_linebreak: After, trailing_newline: TrailingNewline(true) }[0m
    [2;3mat[0m crates/biome_service/src/file_handlers/javascript.rs:1131 [2;3mon[0m biome::workspace_worker_8
    [2;3min[0m [1mformat_file[0m [2;3mwith[0m [1mpath[0m: /home/artu/Desktop/projects/showcases-portfolio/src/components/ui/popover.tsx

  [2m2026-02-22T16:44:02.750716Z[0m [32m INFO[0m  [32mPulled 0 diagnostic(s), skipped 0 diagnostic(s) from /home/artu/Desktop/projects/showcases-portfolio/src/components/ui/menubar.tsx[0m
    [2;3mat[0m crates/biome_service/src/workspace/server.rs:1809 [2;3mon[0m biome::workspace_worker_12
    [2;3min[0m [1mpull_diagnostics[0m [2;3mwith[0m [1mrule_categories[0m: [Syntax, Lint, Action], [1mpath[0m: /home/artu/Desktop/projects/showcases-portfolio/src/components/ui/menubar.tsx, [1mproject_key[0m: ProjectKey(1), [1mskip[0m: [], [1monly[0m: []

  [2m2026-02-22T16:44:02.750825Z[0m [32m INFO[0m  [32mPulled 0 diagnostic(s), skipped 0 diagnostic(s) from /home/artu/Desktop/projects/showcases-portfolio/src/components/ui/menubar.tsx[0m
    [2;3mat[0m crates/biome_service/src/workspace/server.rs:1809 [2;3mon[0m biome::workspace_worker_12
    [2;3min[0m [1mpull_diagnostics[0m [2;3mwith[0m [1mrule_categories[0m: [Syntax], [1mpath[0m: /home/artu/Desktop/projects/showcases-portfolio/src/components/ui/menubar.tsx, [1mproject_key[0m: ProjectKey(1), [1mskip[0m: [], [1monly[0m: []

  [2m2026-02-22T16:44:02.750899Z[0m [34mDEBUG[0m  [34mJsFormatOptions { indent_style: Tab, indent_width: 2, line_ending: Lf, line_width: 100, quote_style: Double, jsx_quote_style: Double, quote_properties: AsNeeded, trailing_commas: All, semicolons: AsNeeded, arrow_parentheses: Always, bracket_spacing: BracketSpacing(true), bracket_same_line: BracketSameLine(false), source_type: JsFileSource { language: TypeScript { definition_file: false }, variant: Jsx, module_kind: Module, version: ES2022, embedding_kind: None }, attribute_position: Auto, expand: Auto, operator_linebreak: After, trailing_newline: TrailingNewline(true) }[0m
    [2;3mat[0m crates/biome_service/src/file_handlers/javascript.rs:1131 [2;3mon[0m biome::workspace_worker_12
    [2;3min[0m [1mformat_file[0m [2;3mwith[0m [1mpath[0m: /home/artu/Desktop/projects/showcases-portfolio/src/components/ui/menubar.tsx

  [2m2026-02-22T16:44:02.750926Z[0m [32m INFO[0m  [32mPulled 0 diagnostic(s), skipped 0 diagnostic(s) from /home/artu/Desktop/projects/showcases-portfolio/src/components/ui/native-select.tsx[0m
    [2;3mat[0m crates/biome_service/src/workspace/server.rs:1809 [2;3mon[0m biome::workspace_worker_14
    [2;3min[0m [1mpull_diagnostics[0m [2;3mwith[0m [1mrule_categories[0m: [Syntax, Lint, Action], [1mpath[0m: /home/artu/Desktop/projects/showcases-portfolio/src/components/ui/native-select.tsx, [1mproject_key[0m: ProjectKey(1), [1mskip[0m: [], [1monly[0m: []

  [2m2026-02-22T16:44:02.751069Z[0m [32m INFO[0m  [32mPulled 0 diagnostic(s), skipped 0 diagnostic(s) from /home/artu/Desktop/projects/showcases-portfolio/src/components/ui/native-select.tsx[0m
    [2;3mat[0m crates/biome_service/src/workspace/server.rs:1809 [2;3mon[0m biome::workspace_worker_14
    [2;3min[0m [1mpull_diagnostics[0m [2;3mwith[0m [1mrule_categories[0m: [Syntax], [1mpath[0m: /home/artu/Desktop/projects/showcases-portfolio/src/components/ui/native-select.tsx, [1mproject_key[0m: ProjectKey(1), [1mskip[0m: [], [1monly[0m: []

  [2m2026-02-22T16:44:02.751111Z[0m [34mDEBUG[0m  [34mFormat output is different from input: false[0m
    [2;3mat[0m crates/biome_cli/src/runner/impls/process_file/format.rs:106 [2;3mon[0m biome::workspace_worker_8

  [2m2026-02-22T16:44:02.751157Z[0m [32m INFO[0m  [32mPulled 0 diagnostic(s), skipped 0 diagnostic(s) from /home/artu/Desktop/projects/showcases-portfolio/src/components/ui/tabs.tsx[0m
    [2;3mat[0m crates/biome_service/src/workspace/server.rs:1809 [2;3mon[0m biome::workspace_worker_1
    [2;3min[0m [1mpull_diagnostics[0m [2;3mwith[0m [1mrule_categories[0m: [Syntax, Lint, Action], [1mpath[0m: /home/artu/Desktop/projects/showcases-portfolio/src/components/ui/tabs.tsx, [1mproject_key[0m: ProjectKey(1), [1mskip[0m: [], [1monly[0m: []

  [2m2026-02-22T16:44:02.751184Z[0m [34mDEBUG[0m  [34mJsFormatOptions { indent_style: Tab, indent_width: 2, line_ending: Lf, line_width: 100, quote_style: Double, jsx_quote_style: Double, quote_properties: AsNeeded, trailing_commas: All, semicolons: AsNeeded, arrow_parentheses: Always, bracket_spacing: BracketSpacing(true), bracket_same_line: BracketSameLine(false), source_type: JsFileSource { language: TypeScript { definition_file: false }, variant: Jsx, module_kind: Module, version: ES2022, embedding_kind: None }, attribute_position: Auto, expand: Auto, operator_linebreak: After, trailing_newline: TrailingNewline(true) }[0m
    [2;3mat[0m crates/biome_service/src/file_handlers/javascript.rs:1131 [2;3mon[0m biome::workspace_worker_14
    [2;3min[0m [1mformat_file[0m [2;3mwith[0m [1mpath[0m: /home/artu/Desktop/projects/showcases-portfolio/src/components/ui/native-select.tsx

  [2m2026-02-22T16:44:02.751274Z[0m [32m INFO[0m  [32mPulled 0 diagnostic(s), skipped 0 diagnostic(s) from /home/artu/Desktop/projects/showcases-portfolio/src/components/ui/tabs.tsx[0m
    [2;3mat[0m crates/biome_service/src/workspace/server.rs:1809 [2;3mon[0m biome::workspace_worker_1
    [2;3min[0m [1mpull_diagnostics[0m [2;3mwith[0m [1mrule_categories[0m: [Syntax], [1mpath[0m: /home/artu/Desktop/projects/showcases-portfolio/src/components/ui/tabs.tsx, [1mproject_key[0m: ProjectKey(1), [1mskip[0m: [], [1monly[0m: []

  [2m2026-02-22T16:44:02.751350Z[0m [34mDEBUG[0m  [34mJsFormatOptions { indent_style: Tab, indent_width: 2, line_ending: Lf, line_width: 100, quote_style: Double, jsx_quote_style: Double, quote_properties: AsNeeded, trailing_commas: All, semicolons: AsNeeded, arrow_parentheses: Always, bracket_spacing: BracketSpacing(true), bracket_same_line: BracketSameLine(false), source_type: JsFileSource { language: TypeScript { definition_file: false }, variant: Jsx, module_kind: Module, version: ES2022, embedding_kind: None }, attribute_position: Auto, expand: Auto, operator_linebreak: After, trailing_newline: TrailingNewline(true) }[0m
    [2;3mat[0m crates/biome_service/src/file_handlers/javascript.rs:1131 [2;3mon[0m biome::workspace_worker_1
    [2;3min[0m [1mformat_file[0m [2;3mwith[0m [1mpath[0m: /home/artu/Desktop/projects/showcases-portfolio/src/components/ui/tabs.tsx

  [2m2026-02-22T16:44:02.751639Z[0m [34mDEBUG[0m  [34mFormat output is different from input: false[0m
    [2;3mat[0m crates/biome_cli/src/runner/impls/process_file/format.rs:106 [2;3mon[0m biome::workspace_worker_14

  [2m2026-02-22T16:44:02.751959Z[0m [34mDEBUG[0m  [34mFormat output is different from input: false[0m
    [2;3mat[0m crates/biome_cli/src/runner/impls/process_file/format.rs:106 [2;3mon[0m biome::workspace_worker_1

  [2m2026-02-22T16:44:02.746644Z[0m [32m INFO[0m  [32mFix file summary result. Errors 0, skipped fixes 0, actions 0[0m
    [2;3mat[0m crates/biome_cli/src/runner/impls/process_file/lint_and_assist.rs:68 [2;3mon[0m biome::workspace_worker_0

  [2m2026-02-22T16:44:02.752453Z[0m [32m INFO[0m  [32mPulled 0 diagnostic(s), skipped 0 diagnostic(s) from /home/artu/Desktop/projects/showcases-portfolio/src/components/ui/sonner.tsx[0m
    [2;3mat[0m crates/biome_service/src/workspace/server.rs:1809 [2;3mon[0m biome::workspace_worker_5
    [2;3min[0m [1mpull_diagnostics[0m [2;3mwith[0m [1mrule_categories[0m: [Syntax, Lint, Action], [1mpath[0m: /home/artu/Desktop/projects/showcases-portfolio/src/components/ui/sonner.tsx, [1mproject_key[0m: ProjectKey(1), [1mskip[0m: [], [1monly[0m: []

  [2m2026-02-22T16:44:02.752461Z[0m [32m INFO[0m  [32mPulled 0 diagnostic(s), skipped 0 diagnostic(s) from /home/artu/Desktop/projects/showcases-portfolio/src/components/ui/switch.tsx[0m
    [2;3mat[0m crates/biome_service/src/workspace/server.rs:1809 [2;3mon[0m biome::workspace_worker_7
    [2;3min[0m [1mpull_diagnostics[0m [2;3mwith[0m [1mrule_categories[0m: [Syntax, Lint, Action], [1mpath[0m: /home/artu/Desktop/projects/showcases-portfolio/src/components/ui/switch.tsx, [1mproject_key[0m: ProjectKey(1), [1mskip[0m: [], [1monly[0m: []

  [2m2026-02-22T16:44:02.752892Z[0m [32m INFO[0m  [32mPulled 0 diagnostic(s), skipped 0 diagnostic(s) from /home/artu/Desktop/projects/showcases-portfolio/src/components/ui/switch.tsx[0m
    [2;3mat[0m crates/biome_service/src/workspace/server.rs:1809 [2;3mon[0m biome::workspace_worker_7
    [2;3min[0m [1mpull_diagnostics[0m [2;3mwith[0m [1mrule_categories[0m: [Syntax], [1mpath[0m: /home/artu/Desktop/projects/showcases-portfolio/src/components/ui/switch.tsx, [1mproject_key[0m: ProjectKey(1), [1mskip[0m: [], [1monly[0m: []

  [2m2026-02-22T16:44:02.752759Z[0m [32m INFO[0m  [32mPulled 0 diagnostic(s), skipped 0 diagnostic(s) from /home/artu/Desktop/projects/showcases-portfolio/src/components/ui/sonner.tsx[0m
    [2;3mat[0m crates/biome_service/src/workspace/server.rs:1809 [2;3mon[0m biome::workspace_worker_5
    [2;3min[0m [1mpull_diagnostics[0m [2;3mwith[0m [1mrule_categories[0m: [Syntax], [1mpath[0m: /home/artu/Desktop/projects/showcases-portfolio/src/components/ui/sonner.tsx, [1mproject_key[0m: ProjectKey(1), [1mskip[0m: [], [1monly[0m: []

  [2m2026-02-22T16:44:02.753139Z[0m [34mDEBUG[0m  [34mJsFormatOptions { indent_style: Tab, indent_width: 2, line_ending: Lf, line_width: 100, quote_style: Double, jsx_quote_style: Double, quote_properties: AsNeeded, trailing_commas: All, semicolons: AsNeeded, arrow_parentheses: Always, bracket_spacing: BracketSpacing(true), bracket_same_line: BracketSameLine(false), source_type: JsFileSource { language: TypeScript { definition_file: false }, variant: Jsx, module_kind: Module, version: ES2022, embedding_kind: None }, attribute_position: Auto, expand: Auto, operator_linebreak: After, trailing_newline: TrailingNewline(true) }[0m
    [2;3mat[0m crates/biome_service/src/file_handlers/javascript.rs:1131 [2;3mon[0m biome::workspace_worker_5
    [2;3min[0m [1mformat_file[0m [2;3mwith[0m [1mpath[0m: /home/artu/Desktop/projects/showcases-portfolio/src/components/ui/sonner.tsx

  [2m2026-02-22T16:44:02.753188Z[0m [34mDEBUG[0m  [34mJsFormatOptions { indent_style: Tab, indent_width: 2, line_ending: Lf, line_width: 100, quote_style: Double, jsx_quote_style: Double, quote_properties: AsNeeded, trailing_commas: All, semicolons: AsNeeded, arrow_parentheses: Always, bracket_spacing: BracketSpacing(true), bracket_same_line: BracketSameLine(false), source_type: JsFileSource { language: TypeScript { definition_file: false }, variant: Jsx, module_kind: Module, version: ES2022, embedding_kind: None }, attribute_position: Auto, expand: Auto, operator_linebreak: After, trailing_newline: TrailingNewline(true) }[0m
    [2;3mat[0m crates/biome_service/src/file_handlers/javascript.rs:1131 [2;3mon[0m biome::workspace_worker_7
    [2;3min[0m [1mformat_file[0m [2;3mwith[0m [1mpath[0m: /home/artu/Desktop/projects/showcases-portfolio/src/components/ui/switch.tsx

  [2m2026-02-22T16:44:02.753530Z[0m [34mDEBUG[0m  [34mFormat output is different from input: false[0m
    [2;3mat[0m crates/biome_cli/src/runner/impls/process_file/format.rs:106 [2;3mon[0m biome::workspace_worker_7

  [2m2026-02-22T16:44:02.753533Z[0m [34mDEBUG[0m  [34mFormat output is different from input: false[0m
    [2;3mat[0m crates/biome_cli/src/runner/impls/process_file/format.rs:106 [2;3mon[0m biome::workspace_worker_5

  [2m2026-02-22T16:44:02.754105Z[0m [32m INFO[0m  [32mPulled 0 diagnostic(s), skipped 0 diagnostic(s) from /home/artu/Desktop/projects/showcases-portfolio/src/components/ui/pagination.tsx[0m
    [2;3mat[0m crates/biome_service/src/workspace/server.rs:1809 [2;3mon[0m biome::workspace_worker_2
    [2;3min[0m [1mpull_diagnostics[0m [2;3mwith[0m [1mrule_categories[0m: [Syntax, Lint, Action], [1mpath[0m: /home/artu/Desktop/projects/showcases-portfolio/src/components/ui/pagination.tsx, [1mproject_key[0m: ProjectKey(1), [1mskip[0m: [], [1monly[0m: []

  [2m2026-02-22T16:44:02.754260Z[0m [32m INFO[0m  [32mPulled 0 diagnostic(s), skipped 0 diagnostic(s) from /home/artu/Desktop/projects/showcases-portfolio/src/components/ui/pagination.tsx[0m
    [2;3mat[0m crates/biome_service/src/workspace/server.rs:1809 [2;3mon[0m biome::workspace_worker_2
    [2;3min[0m [1mpull_diagnostics[0m [2;3mwith[0m [1mrule_categories[0m: [Syntax], [1mpath[0m: /home/artu/Desktop/projects/showcases-portfolio/src/components/ui/pagination.tsx, [1mproject_key[0m: ProjectKey(1), [1mskip[0m: [], [1monly[0m: []

  [2m2026-02-22T16:44:02.754378Z[0m [34mDEBUG[0m  [34mJsFormatOptions { indent_style: Tab, indent_width: 2, line_ending: Lf, line_width: 100, quote_style: Double, jsx_quote_style: Double, quote_properties: AsNeeded, trailing_commas: All, semicolons: AsNeeded, arrow_parentheses: Always, bracket_spacing: BracketSpacing(true), bracket_same_line: BracketSameLine(false), source_type: JsFileSource { language: TypeScript { definition_file: false }, variant: Jsx, module_kind: Module, version: ES2022, embedding_kind: None }, attribute_position: Auto, expand: Auto, operator_linebreak: After, trailing_newline: TrailingNewline(true) }[0m
    [2;3mat[0m crates/biome_service/src/file_handlers/javascript.rs:1131 [2;3mon[0m biome::workspace_worker_2
    [2;3min[0m [1mformat_file[0m [2;3mwith[0m [1mpath[0m: /home/artu/Desktop/projects/showcases-portfolio/src/components/ui/pagination.tsx

  [2m2026-02-22T16:44:02.754485Z[0m [32m INFO[0m  [32mPulled 0 diagnostic(s), skipped 0 diagnostic(s) from /home/artu/Desktop/projects/showcases-portfolio/src/components/ui/skeleton.tsx[0m
    [2;3mat[0m crates/biome_service/src/workspace/server.rs:1809 [2;3mon[0m biome::workspace_worker_3
    [2;3min[0m [1mpull_diagnostics[0m [2;3mwith[0m [1mrule_categories[0m: [Syntax, Lint, Action], [1mpath[0m: /home/artu/Desktop/projects/showcases-portfolio/src/components/ui/skeleton.tsx, [1mproject_key[0m: ProjectKey(1), [1mskip[0m: [], [1monly[0m: []

  [2m2026-02-22T16:44:02.754637Z[0m [32m INFO[0m  [32mPulled 0 diagnostic(s), skipped 0 diagnostic(s) from /home/artu/Desktop/projects/showcases-portfolio/src/components/ui/skeleton.tsx[0m
    [2;3mat[0m crates/biome_service/src/workspace/server.rs:1809 [2;3mon[0m biome::workspace_worker_3
    [2;3min[0m [1mpull_diagnostics[0m [2;3mwith[0m [1mrule_categories[0m: [Syntax], [1mpath[0m: /home/artu/Desktop/projects/showcases-portfolio/src/components/ui/skeleton.tsx, [1mproject_key[0m: ProjectKey(1), [1mskip[0m: [], [1monly[0m: []

  [2m2026-02-22T16:44:02.754647Z[0m [32m INFO[0m  [32mFix file summary result. Errors 0, skipped fixes 0, actions 0[0m
    [2;3mat[0m crates/biome_cli/src/runner/impls/process_file/lint_and_assist.rs:68 [2;3mon[0m biome::workspace_worker_17

  [2m2026-02-22T16:44:02.754727Z[0m [34mDEBUG[0m  [34mJsFormatOptions { indent_style: Tab, indent_width: 2, line_ending: Lf, line_width: 100, quote_style: Double, jsx_quote_style: Double, quote_properties: AsNeeded, trailing_commas: All, semicolons: AsNeeded, arrow_parentheses: Always, bracket_spacing: BracketSpacing(true), bracket_same_line: BracketSameLine(false), source_type: JsFileSource { language: TypeScript { definition_file: false }, variant: Jsx, module_kind: Module, version: ES2022, embedding_kind: None }, attribute_position: Auto, expand: Auto, operator_linebreak: After, trailing_newline: TrailingNewline(true) }[0m
    [2;3mat[0m crates/biome_service/src/file_handlers/javascript.rs:1131 [2;3mon[0m biome::workspace_worker_3
    [2;3min[0m [1mformat_file[0m [2;3mwith[0m [1mpath[0m: /home/artu/Desktop/projects/showcases-portfolio/src/components/ui/skeleton.tsx

  [2m2026-02-22T16:44:02.754932Z[0m [34mDEBUG[0m  [34mFormat output is different from input: false[0m
    [2;3mat[0m crates/biome_cli/src/runner/impls/process_file/format.rs:106 [2;3mon[0m biome::workspace_worker_3

  [2m2026-02-22T16:44:02.755362Z[0m [34mDEBUG[0m  [34mFormat output is different from input: false[0m
    [2;3mat[0m crates/biome_cli/src/runner/impls/process_file/format.rs:106 [2;3mon[0m biome::workspace_worker_11

  [2m2026-02-22T16:44:02.755424Z[0m [32m INFO[0m  [32mPulled 0 diagnostic(s), skipped 0 diagnostic(s) from /home/artu/Desktop/projects/showcases-portfolio/src/components/ui/slider.tsx[0m
    [2;3mat[0m crates/biome_service/src/workspace/server.rs:1809 [2;3mon[0m biome::workspace_worker_0
    [2;3min[0m [1mpull_diagnostics[0m [2;3mwith[0m [1mrule_categories[0m: [Syntax, Lint, Action], [1mpath[0m: /home/artu/Desktop/projects/showcases-portfolio/src/components/ui/slider.tsx, [1mproject_key[0m: ProjectKey(1), [1mskip[0m: [], [1monly[0m: []

  [2m2026-02-22T16:44:02.755503Z[0m [32m INFO[0m  [32mPulled 0 diagnostic(s), skipped 0 diagnostic(s) from /home/artu/Desktop/projects/showcases-portfolio/src/components/ui/slider.tsx[0m
    [2;3mat[0m crates/biome_service/src/workspace/server.rs:1809 [2;3mon[0m biome::workspace_worker_0
    [2;3min[0m [1mpull_diagnostics[0m [2;3mwith[0m [1mrule_categories[0m: [Syntax], [1mpath[0m: /home/artu/Desktop/projects/showcases-portfolio/src/components/ui/slider.tsx, [1mproject_key[0m: ProjectKey(1), [1mskip[0m: [], [1monly[0m: []

  [2m2026-02-22T16:44:02.755563Z[0m [34mDEBUG[0m  [34mJsFormatOptions { indent_style: Tab, indent_width: 2, line_ending: Lf, line_width: 100, quote_style: Double, jsx_quote_style: Double, quote_properties: AsNeeded, trailing_commas: All, semicolons: AsNeeded, arrow_parentheses: Always, bracket_spacing: BracketSpacing(true), bracket_same_line: BracketSameLine(false), source_type: JsFileSource { language: TypeScript { definition_file: false }, variant: Jsx, module_kind: Module, version: ES2022, embedding_kind: None }, attribute_position: Auto, expand: Auto, operator_linebreak: After, trailing_newline: TrailingNewline(true) }[0m
    [2;3mat[0m crates/biome_service/src/file_handlers/javascript.rs:1131 [2;3mon[0m biome::workspace_worker_0
    [2;3min[0m [1mformat_file[0m [2;3mwith[0m [1mpath[0m: /home/artu/Desktop/projects/showcases-portfolio/src/components/ui/slider.tsx

  [2m2026-02-22T16:44:02.755897Z[0m [34mDEBUG[0m  [34mFormat output is different from input: false[0m
    [2;3mat[0m crates/biome_cli/src/runner/impls/process_file/format.rs:106 [2;3mon[0m biome::workspace_worker_2

  [2m2026-02-22T16:44:02.756154Z[0m [34mDEBUG[0m  [34mFormat output is different from input: false[0m
    [2;3mat[0m crates/biome_cli/src/runner/impls/process_file/format.rs:106 [2;3mon[0m biome::workspace_worker_0

  [2m2026-02-22T16:44:02.756333Z[0m [32m INFO[0m  [32mFix file summary result. Errors 0, skipped fixes 0, actions 0[0m
    [2;3mat[0m crates/biome_cli/src/runner/impls/process_file/lint_and_assist.rs:68 [2;3mon[0m biome::workspace_worker_16

  [2m2026-02-22T16:44:02.756939Z[0m [32m INFO[0m  [32mFix file summary result. Errors 0, skipped fixes 0, actions 0[0m
    [2;3mat[0m crates/biome_cli/src/runner/impls/process_file/lint_and_assist.rs:68 [2;3mon[0m biome::workspace_worker_4

  [2m2026-02-22T16:44:02.757035Z[0m [32m INFO[0m  [32mPulled 0 diagnostic(s), skipped 0 diagnostic(s) from /home/artu/Desktop/projects/showcases-portfolio/src/components/ui/radio-group.tsx[0m
    [2;3mat[0m crates/biome_service/src/workspace/server.rs:1809 [2;3mon[0m biome::workspace_worker_15
    [2;3min[0m [1mpull_diagnostics[0m [2;3mwith[0m [1mrule_categories[0m: [Syntax, Lint, Action], [1mpath[0m: /home/artu/Desktop/projects/showcases-portfolio/src/components/ui/radio-group.tsx, [1mproject_key[0m: ProjectKey(1), [1mskip[0m: [], [1monly[0m: []

  [2m2026-02-22T16:44:02.757178Z[0m [32m INFO[0m  [32mPulled 0 diagnostic(s), skipped 0 diagnostic(s) from /home/artu/Desktop/projects/showcases-portfolio/src/components/ui/radio-group.tsx[0m
    [2;3mat[0m crates/biome_service/src/workspace/server.rs:1809 [2;3mon[0m biome::workspace_worker_15
    [2;3min[0m [1mpull_diagnostics[0m [2;3mwith[0m [1mrule_categories[0m: [Syntax], [1mpath[0m: /home/artu/Desktop/projects/showcases-portfolio/src/components/ui/radio-group.tsx, [1mproject_key[0m: ProjectKey(1), [1mskip[0m: [], [1monly[0m: []

  [2m2026-02-22T16:44:02.757304Z[0m [34mDEBUG[0m  [34mJsFormatOptions { indent_style: Tab, indent_width: 2, line_ending: Lf, line_width: 100, quote_style: Double, jsx_quote_style: Double, quote_properties: AsNeeded, trailing_commas: All, semicolons: AsNeeded, arrow_parentheses: Always, bracket_spacing: BracketSpacing(true), bracket_same_line: BracketSameLine(false), source_type: JsFileSource { language: TypeScript { definition_file: false }, variant: Jsx, module_kind: Module, version: ES2022, embedding_kind: None }, attribute_position: Auto, expand: Auto, operator_linebreak: After, trailing_newline: TrailingNewline(true) }[0m
    [2;3mat[0m crates/biome_service/src/file_handlers/javascript.rs:1131 [2;3mon[0m biome::workspace_worker_15
    [2;3min[0m [1mformat_file[0m [2;3mwith[0m [1mpath[0m: /home/artu/Desktop/projects/showcases-portfolio/src/components/ui/radio-group.tsx

  [2m2026-02-22T16:44:02.757770Z[0m [34mDEBUG[0m  [34mFormat output is different from input: false[0m
    [2;3mat[0m crates/biome_cli/src/runner/impls/process_file/format.rs:106 [2;3mon[0m biome::workspace_worker_15

  [2m2026-02-22T16:44:02.758689Z[0m [32m INFO[0m  [32mPulled 0 diagnostic(s), skipped 0 diagnostic(s) from /home/artu/Desktop/projects/showcases-portfolio/src/components/ui/scroll-area.tsx[0m
    [2;3mat[0m crates/biome_service/src/workspace/server.rs:1809 [2;3mon[0m biome::workspace_worker_16
    [2;3min[0m [1mpull_diagnostics[0m [2;3mwith[0m [1mrule_categories[0m: [Syntax, Lint, Action], [1mpath[0m: /home/artu/Desktop/projects/showcases-portfolio/src/components/ui/scroll-area.tsx, [1mproject_key[0m: ProjectKey(1), [1mskip[0m: [], [1monly[0m: []

  [2m2026-02-22T16:44:02.758824Z[0m [32m INFO[0m  [32mPulled 0 diagnostic(s), skipped 0 diagnostic(s) from /home/artu/Desktop/projects/showcases-portfolio/src/components/ui/scroll-area.tsx[0m
    [2;3mat[0m crates/biome_service/src/workspace/server.rs:1809 [2;3mon[0m biome::workspace_worker_16
    [2;3min[0m [1mpull_diagnostics[0m [2;3mwith[0m [1mrule_categories[0m: [Syntax], [1mpath[0m: /home/artu/Desktop/projects/showcases-portfolio/src/components/ui/scroll-area.tsx, [1mproject_key[0m: ProjectKey(1), [1mskip[0m: [], [1monly[0m: []

  [2m2026-02-22T16:44:02.758914Z[0m [34mDEBUG[0m  [34mJsFormatOptions { indent_style: Tab, indent_width: 2, line_ending: Lf, line_width: 100, quote_style: Double, jsx_quote_style: Double, quote_properties: AsNeeded, trailing_commas: All, semicolons: AsNeeded, arrow_parentheses: Always, bracket_spacing: BracketSpacing(true), bracket_same_line: BracketSameLine(false), source_type: JsFileSource { language: TypeScript { definition_file: false }, variant: Jsx, module_kind: Module, version: ES2022, embedding_kind: None }, attribute_position: Auto, expand: Auto, operator_linebreak: After, trailing_newline: TrailingNewline(true) }[0m
    [2;3mat[0m crates/biome_service/src/file_handlers/javascript.rs:1131 [2;3mon[0m biome::workspace_worker_16
    [2;3min[0m [1mformat_file[0m [2;3mwith[0m [1mpath[0m: /home/artu/Desktop/projects/showcases-portfolio/src/components/ui/scroll-area.tsx

  [2m2026-02-22T16:44:02.755375Z[0m [34mDEBUG[0m  [34mFormat output is different from input: false[0m
    [2;3mat[0m crates/biome_cli/src/runner/impls/process_file/format.rs:106 [2;3mon[0m biome::workspace_worker_12

  [2m2026-02-22T16:44:02.759385Z[0m [34mDEBUG[0m  [34mFormat output is different from input: false[0m
    [2;3mat[0m crates/biome_cli/src/runner/impls/process_file/format.rs:106 [2;3mon[0m biome::workspace_worker_16

  [2m2026-02-22T16:44:02.763463Z[0m [32m INFO[0m  [32mPulled 0 diagnostic(s), skipped 0 diagnostic(s) from /home/artu/Desktop/projects/showcases-portfolio/src/components/ui/select.tsx[0m
    [2;3mat[0m crates/biome_service/src/workspace/server.rs:1809 [2;3mon[0m biome::workspace_worker_17
    [2;3min[0m [1mpull_diagnostics[0m [2;3mwith[0m [1mrule_categories[0m: [Syntax, Lint, Action], [1mpath[0m: /home/artu/Desktop/projects/showcases-portfolio/src/components/ui/select.tsx, [1mproject_key[0m: ProjectKey(1), [1mskip[0m: [], [1monly[0m: []

  [2m2026-02-22T16:44:02.763623Z[0m [32m INFO[0m  [32mPulled 0 diagnostic(s), skipped 0 diagnostic(s) from /home/artu/Desktop/projects/showcases-portfolio/src/components/ui/select.tsx[0m
    [2;3mat[0m crates/biome_service/src/workspace/server.rs:1809 [2;3mon[0m biome::workspace_worker_17
    [2;3min[0m [1mpull_diagnostics[0m [2;3mwith[0m [1mrule_categories[0m: [Syntax], [1mpath[0m: /home/artu/Desktop/projects/showcases-portfolio/src/components/ui/select.tsx, [1mproject_key[0m: ProjectKey(1), [1mskip[0m: [], [1monly[0m: []

  [2m2026-02-22T16:44:02.763724Z[0m [34mDEBUG[0m  [34mJsFormatOptions { indent_style: Tab, indent_width: 2, line_ending: Lf, line_width: 100, quote_style: Double, jsx_quote_style: Double, quote_properties: AsNeeded, trailing_commas: All, semicolons: AsNeeded, arrow_parentheses: Always, bracket_spacing: BracketSpacing(true), bracket_same_line: BracketSameLine(false), source_type: JsFileSource { language: TypeScript { definition_file: false }, variant: Jsx, module_kind: Module, version: ES2022, embedding_kind: None }, attribute_position: Auto, expand: Auto, operator_linebreak: After, trailing_newline: TrailingNewline(true) }[0m
    [2;3mat[0m crates/biome_service/src/file_handlers/javascript.rs:1131 [2;3mon[0m biome::workspace_worker_17
    [2;3min[0m [1mformat_file[0m [2;3mwith[0m [1mpath[0m: /home/artu/Desktop/projects/showcases-portfolio/src/components/ui/select.tsx

  [2m2026-02-22T16:44:02.764273Z[0m [32m INFO[0m  [32mPulled 0 diagnostic(s), skipped 0 diagnostic(s) from /home/artu/Desktop/projects/showcases-portfolio/src/components/ui/spinner.tsx[0m
    [2;3mat[0m crates/biome_service/src/workspace/server.rs:1809 [2;3mon[0m biome::workspace_worker_4
    [2;3min[0m [1mpull_diagnostics[0m [2;3mwith[0m [1mrule_categories[0m: [Syntax, Lint, Action], [1mpath[0m: /home/artu/Desktop/projects/showcases-portfolio/src/components/ui/spinner.tsx, [1mproject_key[0m: ProjectKey(1), [1mskip[0m: [], [1monly[0m: []

  [2m2026-02-22T16:44:02.764415Z[0m [32m INFO[0m  [32mPulled 0 diagnostic(s), skipped 0 diagnostic(s) from /home/artu/Desktop/projects/showcases-portfolio/src/components/ui/spinner.tsx[0m
    [2;3mat[0m crates/biome_service/src/workspace/server.rs:1809 [2;3mon[0m biome::workspace_worker_4
    [2;3min[0m [1mpull_diagnostics[0m [2;3mwith[0m [1mrule_categories[0m: [Syntax], [1mpath[0m: /home/artu/Desktop/projects/showcases-portfolio/src/components/ui/spinner.tsx, [1mproject_key[0m: ProjectKey(1), [1mskip[0m: [], [1monly[0m: []

  [2m2026-02-22T16:44:02.764500Z[0m [34mDEBUG[0m  [34mJsFormatOptions { indent_style: Tab, indent_width: 2, line_ending: Lf, line_width: 100, quote_style: Double, jsx_quote_style: Double, quote_properties: AsNeeded, trailing_commas: All, semicolons: AsNeeded, arrow_parentheses: Always, bracket_spacing: BracketSpacing(true), bracket_same_line: BracketSameLine(false), source_type: JsFileSource { language: TypeScript { definition_file: false }, variant: Jsx, module_kind: Module, version: ES2022, embedding_kind: None }, attribute_position: Auto, expand: Auto, operator_linebreak: After, trailing_newline: TrailingNewline(true) }[0m
    [2;3mat[0m crates/biome_service/src/file_handlers/javascript.rs:1131 [2;3mon[0m biome::workspace_worker_4
    [2;3min[0m [1mformat_file[0m [2;3mwith[0m [1mpath[0m: /home/artu/Desktop/projects/showcases-portfolio/src/components/ui/spinner.tsx

  [2m2026-02-22T16:44:02.764747Z[0m [34mDEBUG[0m  [34mFormat output is different from input: false[0m
    [2;3mat[0m crates/biome_cli/src/runner/impls/process_file/format.rs:106 [2;3mon[0m biome::workspace_worker_4

  [2m2026-02-22T16:44:02.766133Z[0m [32m INFO[0m  [32mFix file summary result. Errors 0, skipped fixes 0, actions 0[0m
    [2;3mat[0m crates/biome_cli/src/runner/impls/process_file/lint_and_assist.rs:68 [2;3mon[0m biome::workspace_worker_9

  [2m2026-02-22T16:44:02.766939Z[0m [34mDEBUG[0m  [34mFormat output is different from input: false[0m
    [2;3mat[0m crates/biome_cli/src/runner/impls/process_file/format.rs:106 [2;3mon[0m biome::workspace_worker_17

  [2m2026-02-22T16:44:02.772649Z[0m [32m INFO[0m  [32mPulled 0 diagnostic(s), skipped 0 diagnostic(s) from /home/artu/Desktop/projects/showcases-portfolio/src/components/ui/table.tsx[0m
    [2;3mat[0m crates/biome_service/src/workspace/server.rs:1809 [2;3mon[0m biome::workspace_worker_9
    [2;3min[0m [1mpull_diagnostics[0m [2;3mwith[0m [1mrule_categories[0m: [Syntax, Lint, Action], [1mpath[0m: /home/artu/Desktop/projects/showcases-portfolio/src/components/ui/table.tsx, [1mproject_key[0m: ProjectKey(1), [1mskip[0m: [], [1monly[0m: []

  [2m2026-02-22T16:44:02.772834Z[0m [32m INFO[0m  [32mPulled 0 diagnostic(s), skipped 0 diagnostic(s) from /home/artu/Desktop/projects/showcases-portfolio/src/components/ui/table.tsx[0m
    [2;3mat[0m crates/biome_service/src/workspace/server.rs:1809 [2;3mon[0m biome::workspace_worker_9
    [2;3min[0m [1mpull_diagnostics[0m [2;3mwith[0m [1mrule_categories[0m: [Syntax], [1mpath[0m: /home/artu/Desktop/projects/showcases-portfolio/src/components/ui/table.tsx, [1mproject_key[0m: ProjectKey(1), [1mskip[0m: [], [1monly[0m: []

  [2m2026-02-22T16:44:02.772959Z[0m [34mDEBUG[0m  [34mJsFormatOptions { indent_style: Tab, indent_width: 2, line_ending: Lf, line_width: 100, quote_style: Double, jsx_quote_style: Double, quote_properties: AsNeeded, trailing_commas: All, semicolons: AsNeeded, arrow_parentheses: Always, bracket_spacing: BracketSpacing(true), bracket_same_line: BracketSameLine(false), source_type: JsFileSource { language: TypeScript { definition_file: false }, variant: Jsx, module_kind: Module, version: ES2022, embedding_kind: None }, attribute_position: Auto, expand: Auto, operator_linebreak: After, trailing_newline: TrailingNewline(true) }[0m
    [2;3mat[0m crates/biome_service/src/file_handlers/javascript.rs:1131 [2;3mon[0m biome::workspace_worker_9
    [2;3min[0m [1mformat_file[0m [2;3mwith[0m [1mpath[0m: /home/artu/Desktop/projects/showcases-portfolio/src/components/ui/table.tsx

  [2m2026-02-22T16:44:02.773837Z[0m [34mDEBUG[0m  [34mFormat output is different from input: false[0m
    [2;3mat[0m crates/biome_cli/src/runner/impls/process_file/format.rs:106 [2;3mon[0m biome::workspace_worker_9

  [2m2026-02-22T16:44:02.779891Z[0m [32m INFO[0m  [32mFix file summary result. Errors 0, skipped fixes 0, actions 0[0m
    [2;3mat[0m crates/biome_cli/src/runner/impls/process_file/lint_and_assist.rs:68 [2;3mon[0m biome::workspace_worker_13

  [2m2026-02-22T16:44:02.788194Z[0m [32m INFO[0m  [32mPulled 0 diagnostic(s), skipped 0 diagnostic(s) from /home/artu/Desktop/projects/showcases-portfolio/src/components/ui/sidebar.tsx[0m
    [2;3mat[0m crates/biome_service/src/workspace/server.rs:1809 [2;3mon[0m biome::workspace_worker_13
    [2;3min[0m [1mpull_diagnostics[0m [2;3mwith[0m [1mrule_categories[0m: [Syntax, Lint, Action], [1mpath[0m: /home/artu/Desktop/projects/showcases-portfolio/src/components/ui/sidebar.tsx, [1mproject_key[0m: ProjectKey(1), [1mskip[0m: [], [1monly[0m: []

  [2m2026-02-22T16:44:02.788309Z[0m [32m INFO[0m  [32mPulled 0 diagnostic(s), skipped 0 diagnostic(s) from /home/artu/Desktop/projects/showcases-portfolio/src/components/ui/sidebar.tsx[0m
    [2;3mat[0m crates/biome_service/src/workspace/server.rs:1809 [2;3mon[0m biome::workspace_worker_13
    [2;3min[0m [1mpull_diagnostics[0m [2;3mwith[0m [1mrule_categories[0m: [Syntax], [1mpath[0m: /home/artu/Desktop/projects/showcases-portfolio/src/components/ui/sidebar.tsx, [1mproject_key[0m: ProjectKey(1), [1mskip[0m: [], [1monly[0m: []

  [2m2026-02-22T16:44:02.788371Z[0m [34mDEBUG[0m  [34mJsFormatOptions { indent_style: Tab, indent_width: 2, line_ending: Lf, line_width: 100, quote_style: Double, jsx_quote_style: Double, quote_properties: AsNeeded, trailing_commas: All, semicolons: AsNeeded, arrow_parentheses: Always, bracket_spacing: BracketSpacing(true), bracket_same_line: BracketSameLine(false), source_type: JsFileSource { language: TypeScript { definition_file: false }, variant: Jsx, module_kind: Module, version: ES2022, embedding_kind: None }, attribute_position: Auto, expand: Auto, operator_linebreak: After, trailing_newline: TrailingNewline(true) }[0m
    [2;3mat[0m crates/biome_service/src/file_handlers/javascript.rs:1131 [2;3mon[0m biome::workspace_worker_13
    [2;3min[0m [1mformat_file[0m [2;3mwith[0m [1mpath[0m: /home/artu/Desktop/projects/showcases-portfolio/src/components/ui/sidebar.tsx

  [2m2026-02-22T16:44:02.791287Z[0m [34mDEBUG[0m  [34mFormat output is different from input: false[0m
    [2;3mat[0m crates/biome_cli/src/runner/impls/process_file/format.rs:106 [2;3mon[0m biome::workspace_worker_13

